SUBJ	SEX	EDU	INC	RACE	ETHN	SESS	AGE	PWT	CWT
38	F	5	3	W	N	8	42	346	307
51	M	4	3	W	H	10	50	264	457
54	M	5	2	W	N	5	30	580	311
66	F	4	3	W	N	7	38	373	243
65	M	5	4	W	N	7	38	524	362
92	M	4	6	W	N	3	22	461	227
102	M	4	1	W	N	1	14	511	1
106	F	5	4	M	N	4	26	0	0
88	M	5	5	W	H	1	14	378	10
22	F	4	5	W	N	6	34	650	397
76	M	4	4	B	N	5	30	0	0
108	F	2	3	M	N	3	22	487	137
102	M	4	1	W	N	10	50	534	291
127	M	4	4	W	H	8	42	312	320
43	M	4	4	W	N	10	50	487	455
77	F	1	1	B	N	1	14	208	6
40	F	2	5	M	N	1	14	433	42
119	F	5	5	W	N	1	14	437	7
47	F	5	6	W	N	4	26	509	143
51	M	4	3	W	H	2	18	434	42
42	M	3	2	W	N	9	46	420	327
109	M	4	4	W	N	9	46	550	294
61	F	2	1	W	H	7	38	512	289
127	M	4	4	W	H	9	46	527	209
107	M	3	4	W	N	5	30	558	274
66	F	4	3	W	N	5	30	480	220
65	M	5	4	W	N	5	30	498	342
107	M	3	4	W	N	3	22	410	81
105	F	4	4	W	N	3	22	481	111
68	F	3	2	B	N	6	34	295	192
83	F	5	4	W	N	11	54	645	287
62	M	2	5	W	N	3	22	457	81
82	F	3	1	B	N	10	50	435	322
103	F	4	4	M	N	7	38	499	402
77	F	1	1	B	N	3	22	189	38
66	F	4	3	W	N	4	26	512	148
89	M	4	3	B	N	4	26	281	186
92	M	4	6	W	N	6	34	827	406
50	M	4	3	W	N	9	46	392	311
75	M	5	6	W	N	9	46	821	385
124	F	2	2	B	H	5	30	289	77
37	F	4	4	W	N	9	46	453	203
49	M	4	5	W	N	2	18	536	5
85	M	3	2	M	N	6	34	552	177
61	F	2	1	W	H	1	14	204	19
65	M	5	4	W	N	3	22	559	186
107	M	3	4	W	N	1	14	412	59
65	M	5	4	W	N	8	42	496	383
74	F	4	5	W	N	3	22	149	52
123	M	4	6	W	H	9	46	0	0
124	F	2	2	B	H	4	26	0	0
91	F	5	6	W	N	1	14	413	18
59	F	5	4	B	N	7	38	274	227
82	F	3	1	B	N	6	34	577	313
40	F	2	5	M	N	5	30	334	288
42	M	3	2	W	N	5	30	508	236
91	F	5	6	W	N	4	26	497	258
58	M	5	3	W	N	3	22	396	118
58	M	5	3	W	N	8	42	548	429
91	F	5	6	W	N	9	46	0	0
65	M	5	4	W	N	1	14	392	17
87	M	5	1	B	N	5	30	178	151
62	M	2	5	W	N	10	50	471	234
68	F	3	2	B	N	5	30	363	226
92	M	4	6	W	N	11	54	709	561
100	M	4	5	W	N	5	30	422	285
29	F	5	6	M	N	9	46	587	493
72	M	5	5	W	N	7	38	444	239
48	M	5	6	W	N	4	26	372	38
82	F	3	1	B	N	8	42	404	342
107	M	3	4	W	N	10	50	500	323
64	M	3	2	W	H	3	22	156	25
75	M	5	6	W	N	5	30	587	279
59	F	5	4	B	N	11	54	120	335
83	F	5	4	W	N	1	14	580	0
58	M	5	3	W	N	1	14	371	33
85	M	3	2	M	N	2	18	731	34
92	M	4	6	W	N	4	26	607	326
22	F	4	5	W	N	8	42	662	344
102	M	4	1	W	N	9	46	453	307
43	M	4	4	W	N	3	22	400	157
74	F	4	5	W	N	7	38	266	253
68	F	3	2	B	N	7	38	571	224
79	M	4	6	W	N	8	42	521	355
45	F	4	6	W	N	8	42	587	468
108	F	2	3	M	N	10	50	539	310
91	F	5	6	W	N	5	30	553	270
79	M	4	6	W	N	11	54	420	322
73	F	1	2	W	H	4	26	201	172
59	F	5	4	B	N	3	22	239	38
55	F	2	2	W	H	11	54	491	532
78	M	5	2	W	N	1	14	404	1
40	F	2	5	M	N	9	46	203	379
64	M	3	2	W	H	11	54	325	211
102	M	4	1	W	N	8	42	579	334
51	M	4	3	W	H	3	22	518	133
39	M	4	6	B	N	7	38	338	333
75	M	5	6	W	N	3	22	651	140
45	F	4	6	W	N	9	46	412	291
74	F	4	5	W	N	10	50	421	390
123	M	4	6	W	H	4	26	545	91
127	M	4	4	W	H	1	14	372	43
126	F	2	2	B	N	9	46	0	0
81	F	2	2	W	N	9	46	152	223
79	M	4	6	W	N	7	38	489	329
123	M	4	6	W	H	11	54	0	0
87	M	5	1	B	N	8	42	259	241
68	F	3	2	B	N	11	54	319	245
72	M	5	5	W	N	3	22	393	34
88	M	5	5	W	H	10	50	375	227
25	M	4	4	W	N	4	26	386	132
73	F	1	2	W	H	6	34	326	301
78	M	5	2	W	N	3	22	500	4
42	M	3	2	W	N	8	42	406	260
42	M	3	2	W	N	3	22	464	36
76	M	4	4	B	N	9	46	0	0
29	F	5	6	M	N	6	34	539	358
83	F	5	4	W	N	5	30	297	90
37	F	4	4	W	N	1	14	358	37
54	M	5	2	W	N	3	22	618	210
25	M	4	4	W	N	11	54	91	293
28	F	4	6	W	N	7	38	510	302
127	M	4	4	W	H	3	22	464	153
66	F	4	3	W	N	9	46	912	305
24	F	5	5	B	N	10	50	612	443
43	M	4	4	W	N	6	34	639	359
126	F	2	2	B	N	6	34	298	176
108	F	2	3	M	N	9	46	796	291
80	M	3	2	B	N	4	26	268	62
87	M	5	1	B	N	6	34	221	135
123	M	4	6	W	H	7	38	0	0
59	F	5	4	B	N	4	26	212	73
107	M	3	4	W	N	8	42	523	358
126	F	2	2	B	N	7	38	520	285
78	M	5	2	W	N	4	26	549	4
89	M	4	3	B	N	5	30	292	212
22	F	4	5	W	N	3	22	452	144
39	M	4	6	B	N	3	22	360	168
47	F	5	6	W	N	8	42	516	316
37	F	4	4	W	N	3	22	398	112
27	M	5	6	W	N	2	18	604	8
92	M	4	6	W	N	5	30	674	392
24	F	5	5	B	N	6	34	418	361
29	F	5	6	M	N	10	50	625	471
68	F	3	2	B	N	2	18	338	22
110	F	4	5	W	N	4	26	335	186
33	M	3	2	B	N	7	38	403	306
24	F	5	5	B	N	5	30	533	387
29	F	5	6	M	N	1	14	468	10
54	M	5	2	W	N	6	34	653	395
40	F	2	5	M	N	10	50	437	451
107	M	3	4	W	N	6	34	519	210
78	M	5	2	W	N	6	34	334	37
105	F	4	4	W	N	9	46	438	215
74	F	4	5	W	N	4	26	525	177
106	F	5	4	M	N	6	34	368	272
42	M	3	2	W	N	4	26	666	154
110	F	4	5	W	N	5	30	0	0
33	M	3	2	B	N	6	34	355	182
49	M	4	5	W	N	10	50	776	379
83	F	5	4	W	N	9	46	462	333
82	F	3	1	B	N	1	14	410	25
48	M	5	6	W	N	11	54	701	440
58	M	5	3	W	N	9	46	0	488
79	M	4	6	W	N	2	18	306	34
68	F	3	2	B	N	4	26	283	95
108	F	2	3	M	N	5	30	740	299
91	F	5	6	W	N	2	18	526	84
33	M	3	2	B	N	1	14	337	5
72	M	5	5	W	N	11	54	426	204
22	F	4	5	W	N	10	50	626	402
73	F	1	2	W	H	10	50	146	481
107	M	3	4	W	N	4	26	362	87
28	F	4	6	W	N	2	18	761	26
45	F	4	6	W	N	10	50	475	315
78	M	5	2	W	N	9	46	505	192
22	F	4	5	W	N	7	38	577	403
45	F	4	6	W	N	1	14	356	30
29	F	5	6	M	N	7	38	511	430
82	F	3	1	B	N	3	22	474	172
24	F	5	5	B	N	8	42	639	421
27	M	5	6	W	N	6	34	620	270
119	F	5	5	W	N	6	34	459	280
76	M	4	4	B	N	6	34	0	0
126	F	2	2	B	N	1	14	391	1
81	F	2	2	W	N	1	14	62	4
119	F	5	5	W	N	11	54	0	0
109	M	4	4	W	N	10	50	554	376
45	F	4	6	W	N	2	18	398	71
61	F	2	1	W	H	2	18	264	31
107	M	3	4	W	N	2	18	416	91
64	M	3	2	W	H	5	30	263	98
76	M	4	4	B	N	10	50	0	0
39	M	4	6	B	N	11	54	220	367
38	F	5	3	W	N	1	14	574	24
85	M	3	2	M	N	9	46	441	169
76	M	4	4	B	N	1	14	410	14
40	F	2	5	M	N	7	38	659	357
73	F	1	2	W	H	7	38	214	266
85	M	3	2	M	N	10	50	616	364
126	F	2	2	B	N	8	42	323	220
81	F	2	2	W	N	8	42	397	283
84	M	3	6	W	N	11	54	527	353
88	M	5	5	W	H	8	42	410	307
80	M	3	2	B	N	7	38	448	197
22	F	4	5	W	N	4	26	664	276
108	F	2	3	M	N	1	14	422	9
91	F	5	6	W	N	6	34	343	247
45	F	4	6	W	N	4	26	565	372
89	M	4	3	B	N	10	50	339	294
64	M	3	2	W	H	7	38	316	198
119	F	5	5	W	N	3	22	540	111
102	M	4	1	W	N	2	18	460	22
51	M	4	3	W	H	5	30	600	332
62	M	2	5	W	N	9	46	604	154
125	F	5	6	W	N	4	26	901	199
38	F	5	3	W	N	3	22	536	144
106	F	5	4	M	N	10	50	624	343
58	M	5	3	W	N	11	54	822	478
103	F	4	4	M	N	4	26	626	375
77	F	1	1	B	N	2	18	135	15
119	F	5	5	W	N	2	18	428	14
88	M	5	5	W	H	6	34	391	300
81	F	2	2	W	N	5	30	340	253
80	M	3	2	B	N	5	30	334	124
108	F	2	3	M	N	8	42	766	317
110	F	4	5	W	N	10	50	0	0
61	F	2	1	W	H	11	54	0	0
62	M	2	5	W	N	1	14	628	2
105	F	4	4	W	N	8	42	596	228
103	F	4	4	M	N	5	30	571	316
89	M	4	3	B	N	6	34	231	235
78	M	5	2	W	N	11	54	433	179
125	F	5	6	W	N	2	18	477	38
81	F	2	2	W	N	6	34	330	156
64	M	3	2	W	H	8	42	241	142
124	F	2	2	B	H	7	38	617	158
65	M	5	4	W	N	11	54	608	387
38	F	5	3	W	N	5	30	452	270
87	M	5	1	B	N	11	54	279	179
28	F	4	6	W	N	9	46	410	320
82	F	3	1	B	N	9	46	595	372
77	F	1	1	B	N	4	26	185	77
80	M	3	2	B	N	3	22	370	70
91	F	5	6	W	N	3	22	513	229
123	M	4	6	W	H	1	14	380	1
125	F	5	6	W	N	10	50	326	346
28	F	4	6	W	N	8	42	507	260
124	F	2	2	B	H	11	54	0	0
50	M	4	3	W	N	6	34	506	340
59	F	5	4	B	N	8	42	101	339
22	F	4	5	W	N	9	46	584	436
39	M	4	6	B	N	9	46	183	444
125	F	5	6	W	N	6	34	780	305
105	F	4	4	W	N	4	26	522	158
107	M	3	4	W	N	7	38	544	289
72	M	5	5	W	N	4	26	564	198
38	F	5	3	W	N	7	38	351	306
37	F	4	4	W	N	11	54	381	165
27	M	5	6	W	N	10	50	737	461
92	M	4	6	W	N	7	38	643	388
43	M	4	4	W	N	8	42	431	313
80	M	3	2	B	N	1	14	258	12
108	F	2	3	M	N	4	26	514	266
91	F	5	6	W	N	11	54	0	0
100	M	4	5	W	N	3	22	421	188
37	F	4	4	W	N	4	26	228	207
43	M	4	4	W	N	7	38	512	326
72	M	5	5	W	N	5	30	479	208
87	M	5	1	B	N	3	22	0	0
40	F	2	5	M	N	2	18	513	47
43	M	4	4	W	N	2	18	403	87
103	F	4	4	M	N	11	54	394	265
38	F	5	3	W	N	9	46	626	398
79	M	4	6	W	N	4	26	481	272
42	M	3	2	W	N	11	54	0	0
43	M	4	4	W	N	1	14	484	32
76	M	4	4	B	N	8	42	0	0
124	F	2	2	B	H	2	18	404	8
91	F	5	6	W	N	7	38	623	419
37	F	4	4	W	N	6	34	379	259
87	M	5	1	B	N	1	14	249	0
33	M	3	2	B	N	11	54	193	139
28	F	4	6	W	N	10	50	491	189
24	F	5	5	B	N	9	46	568	481
125	F	5	6	W	N	7	38	487	286
100	M	4	5	W	N	4	26	435	211
58	M	5	3	W	N	4	26	483	278
44	F	3	3	B	N	6	34	170	199
123	M	4	6	W	H	6	34	383	228
75	M	5	6	W	N	11	54	688	479
88	M	5	5	W	H	7	38	447	334
74	F	4	5	W	N	2	18	387	16
51	M	4	3	W	H	11	54	490	408
79	M	4	6	W	N	5	30	473	297
49	M	4	5	W	N	9	46	709	411
127	M	4	4	W	H	4	26	357	166
72	M	5	5	W	N	1	14	417	0
102	M	4	1	W	N	11	54	677	385
125	F	5	6	W	N	5	30	469	241
75	M	5	6	W	N	8	42	796	423
83	F	5	4	W	N	2	18	507	4
58	M	5	3	W	N	2	18	419	45
47	F	5	6	W	N	3	22	547	67
54	M	5	2	W	N	1	14	410	39
127	M	4	4	W	H	11	54	0	0
44	F	3	3	B	N	10	50	60	394
28	F	4	6	W	N	1	14	507	4
126	F	2	2	B	N	10	50	0	0
119	F	5	5	W	N	7	38	619	305
105	F	4	4	W	N	11	54	455	247
43	M	4	4	W	N	4	26	491	295
44	F	3	3	B	N	3	22	292	120
66	F	4	3	W	N	2	18	336	68
59	F	5	4	B	N	6	34	339	166
106	F	5	4	M	N	5	30	561	217
83	F	5	4	W	N	10	50	431	335
89	M	4	3	B	N	7	38	344	247
51	M	4	3	W	H	6	34	487	344
82	F	3	1	B	N	11	54	462	315
125	F	5	6	W	N	3	22	76	69
22	F	4	5	W	N	1	14	470	37
75	M	5	6	W	N	6	34	699	338
39	M	4	6	B	N	1	14	368	30
38	F	5	3	W	N	11	54	545	439
39	M	4	6	B	N	8	42	439	312
27	M	5	6	W	N	4	26	618	101
77	F	1	1	B	N	10	50	113	228
75	M	5	6	W	N	7	38	774	444
74	F	4	5	W	N	6	34	389	242
66	F	4	3	W	N	10	50	321	232
110	F	4	5	W	N	2	18	392	69
49	M	4	5	W	N	5	30	640	192
80	M	3	2	B	N	9	46	273	238
62	M	2	5	W	N	7	38	610	222
103	F	4	4	M	N	3	22	664	262
44	F	3	3	B	N	1	14	363	11
84	M	3	6	W	N	7	38	489	231
125	F	5	6	W	N	1	14	237	5
29	F	5	6	M	N	8	42	543	376
75	M	5	6	W	N	4	26	718	313
110	F	4	5	W	N	3	22	393	155
83	F	5	4	W	N	6	34	450	179
33	M	3	2	B	N	8	42	373	290
76	M	4	4	B	N	3	22	397	151
100	M	4	5	W	N	2	18	418	71
48	M	5	6	W	N	2	18	549	14
62	M	2	5	W	N	11	54	577	391
82	F	3	1	B	N	2	18	453	61
92	M	4	6	W	N	10	50	695	595
66	F	4	3	W	N	6	34	376	256
59	F	5	4	B	N	2	18	216	43
40	F	2	5	M	N	8	42	248	385
22	F	4	5	W	N	5	30	654	401
27	M	5	6	W	N	7	38	581	243
75	M	5	6	W	N	2	18	619	71
58	M	5	3	W	N	7	38	649	364
62	M	2	5	W	N	4	26	518	153
85	M	3	2	M	N	4	26	621	152
103	F	4	4	M	N	6	34	531	343
72	M	5	5	W	N	8	42	431	246
27	M	5	6	W	N	8	42	617	292
100	M	4	5	W	N	10	50	485	344
50	M	4	3	W	N	10	50	535	475
55	F	2	2	W	H	4	26	186	130
81	F	2	2	W	N	3	22	188	56
68	F	3	2	B	N	1	14	280	7
24	F	5	5	B	N	3	22	449	99
49	M	4	5	W	N	1	14	552	0
48	M	5	6	W	N	9	46	613	349
85	M	3	2	M	N	5	30	616	177
82	F	3	1	B	N	4	26	595	212
54	M	5	2	W	N	8	42	541	352
72	M	5	5	W	N	9	46	302	308
73	F	1	2	W	H	1	14	297	2
108	F	2	3	M	N	11	54	566	466
109	M	4	4	W	N	2	18	439	3
81	F	2	2	W	N	4	26	0	0
39	M	4	6	B	N	4	26	339	205
58	M	5	3	W	N	5	30	509	214
43	M	4	4	W	N	11	54	427	432
78	M	5	2	W	N	5	30	490	28
27	M	5	6	W	N	1	14	566	0
54	M	5	2	W	N	9	46	612	441
55	F	2	2	W	H	1	14	197	36
102	M	4	1	W	N	5	30	513	202
81	F	2	2	W	N	11	54	335	223
68	F	3	2	B	N	3	22	401	74
80	M	3	2	B	N	10	50	415	337
43	M	4	4	W	N	5	30	475	285
91	F	5	6	W	N	8	42	0	0
76	M	4	4	B	N	4	26	301	216
85	M	3	2	M	N	7	38	539	201
25	M	4	4	W	N	2	18	382	6
48	M	5	6	W	N	6	34	513	326
77	F	1	1	B	N	5	30	217	116
84	M	3	6	W	N	2	18	393	10
73	F	1	2	W	H	3	22	381	85
123	M	4	6	W	H	10	50	0	0
102	M	4	1	W	N	4	26	540	74
51	M	4	3	W	H	7	38	475	318
109	M	4	4	W	N	4	26	243	16
88	M	5	5	W	H	11	54	469	318
102	M	4	1	W	N	7	38	603	259
72	M	5	5	W	N	6	34	430	202
127	M	4	4	W	H	5	30	501	171
55	F	2	2	W	H	3	22	201	111
79	M	4	6	W	N	3	22	0	0
25	M	4	4	W	N	10	50	402	345
106	F	5	4	M	N	2	18	538	31
61	F	2	1	W	H	8	42	426	237
108	F	2	3	M	N	6	34	820	252
24	F	5	5	B	N	11	54	671	413
85	M	3	2	M	N	1	14	675	6
127	M	4	4	W	H	6	34	601	200
61	F	2	1	W	H	4	26	354	137
47	F	5	6	W	N	1	14	442	9
89	M	4	3	B	N	8	42	330	250
109	M	4	4	W	N	6	34	372	110
125	F	5	6	W	N	9	46	606	239
124	F	2	2	B	H	1	14	424	4
84	M	3	6	W	N	3	22	527	47
77	F	1	1	B	N	7	38	203	201
127	M	4	4	W	H	7	38	561	335
27	M	5	6	W	N	5	30	731	198
78	M	5	2	W	N	7	38	460	117
61	F	2	1	W	H	5	30	337	191
55	F	2	2	W	H	5	30	226	114
126	F	2	2	B	N	2	18	0	0
84	M	3	6	W	N	5	30	439	99
123	M	4	6	W	H	3	22	289	38
48	M	5	6	W	N	3	22	403	25
85	M	3	2	M	N	3	22	888	108
25	M	4	4	W	N	6	34	291	189
89	M	4	3	B	N	1	14	153	3
84	M	3	6	W	N	6	34	531	179
64	M	3	2	W	H	6	34	297	114
81	F	2	2	W	N	2	18	98	20
109	M	4	4	W	N	8	42	494	233
40	F	2	5	M	N	11	54	224	592
29	F	5	6	M	N	4	26	446	233
72	M	5	5	W	N	2	18	394	2
33	M	3	2	B	N	10	50	286	307
55	F	2	2	W	H	7	38	251	233
24	F	5	5	B	N	2	18	379	50
64	M	3	2	W	H	9	46	180	144
42	M	3	2	W	N	7	38	363	252
110	F	4	5	W	N	7	38	0	0
68	F	3	2	B	N	9	46	278	71
108	F	2	3	M	N	2	18	430	19
33	M	3	2	B	N	3	22	425	60
100	M	4	5	W	N	1	14	321	23
29	F	5	6	M	N	5	30	486	331
54	M	5	2	W	N	2	18	613	128
48	M	5	6	W	N	1	14	497	5
33	M	3	2	B	N	9	46	208	272
50	M	4	3	W	N	7	38	403	226
73	F	1	2	W	H	9	46	270	399
64	M	3	2	W	H	4	26	291	67
72	M	5	5	W	N	10	50	506	238
22	F	4	5	W	N	11	54	721	475
73	F	1	2	W	H	11	54	264	430
33	M	3	2	B	N	2	18	546	26
37	F	4	4	W	N	5	30	502	116
77	F	1	1	B	N	8	42	147	108
45	F	4	6	W	N	3	22	411	255
27	M	5	6	W	N	9	46	722	388
55	F	2	2	W	H	9	46	474	484
80	M	3	2	B	N	6	34	456	128
61	F	2	1	W	H	9	46	263	181
107	M	3	4	W	N	11	54	0	0
48	M	5	6	W	N	7	38	668	340
50	M	4	3	W	N	5	30	446	273
59	F	5	4	B	N	10	50	129	326
106	F	5	4	M	N	9	46	416	184
51	M	4	3	W	H	4	26	527	213
123	M	4	6	W	H	8	42	0	0
44	F	3	3	B	N	8	42	206	372
85	M	3	2	M	N	8	42	591	246
105	F	4	4	W	N	5	30	540	166
102	M	4	1	W	N	3	22	515	29
54	M	5	2	W	N	11	54	534	484
43	M	4	4	W	N	9	46	340	344
55	F	2	2	W	H	10	50	203	359
106	F	5	4	M	N	8	42	464	199
44	F	3	3	B	N	9	46	105	470
64	M	3	2	W	H	10	50	167	246
87	M	5	1	B	N	4	26	241	48
88	M	5	5	W	H	5	30	403	235
48	M	5	6	W	N	5	30	599	175
50	M	4	3	W	N	3	22	586	155
84	M	3	6	W	N	1	14	432	14
73	F	1	2	W	H	2	18	373	8
74	F	4	5	W	N	11	54	417	440
47	F	5	6	W	N	9	46	367	306
49	M	4	5	W	N	4	26	458	80
47	F	5	6	W	N	10	50	588	267
124	F	2	2	B	H	9	46	638	237
54	M	5	2	W	N	7	38	536	382
28	F	4	6	W	N	3	22	668	34
55	F	2	2	W	H	2	18	243	75
106	F	5	4	M	N	11	54	0	0
68	F	3	2	B	N	10	50	206	200
58	M	5	3	W	N	10	50	632	417
80	M	3	2	B	N	2	18	534	26
124	F	2	2	B	H	8	42	315	145
87	M	5	1	B	N	2	18	233	7
61	F	2	1	W	H	10	50	253	160
50	M	4	3	W	N	1	14	544	1
51	M	4	3	W	H	9	46	369	406
89	M	4	3	B	N	9	46	353	284
88	M	5	5	W	H	9	46	279	164
42	M	3	2	W	N	6	34	550	245
78	M	5	2	W	N	10	50	472	198
25	M	4	4	W	N	9	46	542	349
87	M	5	1	B	N	9	46	267	283
77	F	1	1	B	N	9	46	186	147
65	M	5	4	W	N	10	50	601	361
105	F	4	4	W	N	1	14	439	5
87	M	5	1	B	N	10	50	0	199
74	F	4	5	W	N	8	42	399	254
62	M	2	5	W	N	6	34	563	190
49	M	4	5	W	N	7	38	674	337
62	M	2	5	W	N	5	30	511	157
54	M	5	2	W	N	10	50	737	310
100	M	4	5	W	N	9	46	396	348
103	F	4	4	M	N	1	14	555	49
89	M	4	3	B	N	2	18	293	25
39	M	4	6	B	N	5	30	282	233
78	M	5	2	W	N	2	18	374	1
81	F	2	2	W	N	7	38	269	247
39	M	4	6	B	N	6	34	326	312
110	F	4	5	W	N	1	14	333	15
83	F	5	4	W	N	4	26	388	24
29	F	5	6	M	N	11	54	0	374
82	F	3	1	B	N	5	30	493	265
61	F	2	1	W	H	3	22	244	49
55	F	2	2	W	H	6	34	65	245
74	F	4	5	W	N	1	14	322	5
47	F	5	6	W	N	7	38	495	394
79	M	4	6	W	N	6	34	490	298
47	F	5	6	W	N	11	54	525	468
68	F	3	2	B	N	8	42	278	163
73	F	1	2	W	H	8	42	321	435
59	F	5	4	B	N	5	30	0	0
49	M	4	5	W	N	11	54	0	413
106	F	5	4	M	N	1	14	598	14
48	M	5	6	W	N	10	50	574	411
42	M	3	2	W	N	2	18	330	13
79	M	4	6	W	N	10	50	505	384
62	M	2	5	W	N	2	18	423	40
103	F	4	4	M	N	10	50	518	457
82	F	3	1	B	N	7	38	542	425
55	F	2	2	W	H	8	42	405	344
126	F	2	2	B	N	5	30	407	128
125	F	5	6	W	N	8	42	689	231
42	M	3	2	W	N	1	14	263	1
37	F	4	4	W	N	8	42	266	315
49	M	4	5	W	N	3	22	431	24
45	F	4	6	W	N	11	54	516	423
61	F	2	1	W	H	6	34	356	289
84	M	3	6	W	N	9	46	470	314
64	M	3	2	W	H	1	14	249	11
106	F	5	4	M	N	3	22	564	125
39	M	4	6	B	N	2	18	412	86
28	F	4	6	W	N	11	54	500	282
83	F	5	4	W	N	3	22	393	24
83	F	5	4	W	N	8	42	455	239
37	F	4	4	W	N	7	38	746	285
25	M	4	4	W	N	3	22	496	33
27	M	5	6	W	N	3	22	575	17
119	F	5	5	W	N	10	50	600	349
105	F	4	4	W	N	6	34	474	210
109	M	4	4	W	N	11	54	0	0
45	F	4	6	W	N	5	30	513	351
88	M	5	5	W	H	4	26	307	208
74	F	4	5	W	N	5	30	330	165
124	F	2	2	B	H	6	34	336	191
76	M	4	4	B	N	11	54	0	0
92	M	4	6	W	N	8	42	622	453
39	M	4	6	B	N	10	50	371	349
59	F	5	4	B	N	1	14	321	40
102	M	4	1	W	N	6	34	510	232
51	M	4	3	W	H	1	14	345	17
85	M	3	2	M	N	11	54	0	0
119	F	5	5	W	N	4	26	498	167
84	M	3	6	W	N	10	50	449	386
123	M	4	6	W	H	2	18	197	4
92	M	4	6	W	N	9	46	619	495
50	M	4	3	W	N	8	42	467	343
25	M	4	4	W	N	1	14	370	2
65	M	5	4	W	N	6	34	485	304
103	F	4	4	M	N	8	42	574	337
77	F	1	1	B	N	6	34	139	138
24	F	5	5	B	N	1	14	515	20
88	M	5	5	W	H	2	18	285	38
79	M	4	6	W	N	1	14	381	6
127	M	4	4	W	H	10	50	1070	367
89	M	4	3	B	N	11	54	0	0
44	F	3	3	B	N	11	54	63	303
126	F	2	2	B	N	11	54	0	0
80	M	3	2	B	N	8	42	319	182
105	F	4	4	W	N	10	50	534	317
110	F	4	5	W	N	8	42	0	0
66	F	4	3	W	N	8	42	429	310
24	F	5	5	B	N	7	38	577	358
103	F	4	4	M	N	9	46	545	398
124	F	2	2	B	H	3	22	370	60
58	M	5	3	W	N	6	34	649	225
83	F	5	4	W	N	7	38	483	263
110	F	4	5	W	N	9	46	0	0
28	F	4	6	W	N	5	30	602	124
25	M	4	4	W	N	7	38	583	280
65	M	5	4	W	N	4	26	597	304
110	F	4	5	W	N	11	54	0	0
105	F	4	4	W	N	2	18	428	32
38	F	5	3	W	N	10	50	555	362
74	F	4	5	W	N	9	46	520	382
77	F	1	1	B	N	11	54	55	204
51	M	4	3	W	H	8	42	389	353
44	F	3	3	B	N	7	38	230	293
123	M	4	6	W	H	5	30	407	113
66	F	4	3	W	N	11	54	0	0
100	M	4	5	W	N	8	42	506	414
119	F	5	5	W	N	9	46	506	329
28	F	4	6	W	N	4	26	550	61
89	M	4	3	B	N	3	22	215	121
100	M	4	5	W	N	7	38	447	319
84	M	3	6	W	N	4	26	403	46
109	M	4	4	W	N	1	14	528	2
81	F	2	2	W	N	10	50	405	334
38	F	5	3	W	N	2	18	449	86
29	F	5	6	M	N	2	18	427	87
119	F	5	5	W	N	8	42	480	271
50	M	4	3	W	N	4	26	519	253
25	M	4	4	W	N	5	30	356	189
65	M	5	4	W	N	2	18	526	32
87	M	5	1	B	N	7	38	248	185
24	F	5	5	B	N	4	26	381	163
125	F	5	6	W	N	11	54	0	0
45	F	4	6	W	N	6	34	433	399
110	F	4	5	W	N	6	34	0	0
124	F	2	2	B	H	10	50	288	131
33	M	3	2	B	N	5	30	455	186
48	M	5	6	W	N	8	42	618	353
29	F	5	6	M	N	3	22	476	275
44	F	3	3	B	N	5	30	290	214
80	M	3	2	B	N	11	54	297	129
78	M	5	2	W	N	8	42	487	165
40	F	2	5	M	N	6	34	412	357
109	M	4	4	W	N	3	22	584	2
73	F	1	2	W	H	5	30	362	259
37	F	4	4	W	N	10	50	647	326
127	M	4	4	W	H	2	18	315	47
27	M	5	6	W	N	11	54	664	355
47	F	5	6	W	N	2	18	442	22
33	M	3	2	B	N	4	26	456	177
38	F	5	3	W	N	4	26	523	265
44	F	3	3	B	N	4	26	287	182
66	F	4	3	W	N	3	22	296	103
107	M	3	4	W	N	9	46	538	337
50	M	4	3	W	N	2	18	718	36
91	F	5	6	W	N	10	50	0	0
106	F	5	4	M	N	7	38	553	228
126	F	2	2	B	N	4	26	444	109
22	F	4	5	W	N	2	18	469	86
108	F	2	3	M	N	7	38	702	374
47	F	5	6	W	N	5	30	540	176
100	M	4	5	W	N	6	34	450	241
100	M	4	5	W	N	11	54	0	0
37	F	4	4	W	N	2	18	661	64
119	F	5	5	W	N	5	30	515	244
40	F	2	5	M	N	4	26	558	221
59	F	5	4	B	N	9	46	103	305
84	M	3	6	W	N	8	42	513	278
109	M	4	4	W	N	5	30	497	101
42	M	3	2	W	N	10	50	464	359
109	M	4	4	W	N	7	38	403	211
62	M	2	5	W	N	8	42	645	287
38	F	5	3	W	N	6	34	556	295
103	F	4	4	M	N	2	18	510	161
44	F	3	3	B	N	2	18	226	29
66	F	4	3	W	N	1	14	379	8
92	M	4	6	W	N	1	14	466	6
105	F	4	4	W	N	7	38	571	276
126	F	2	2	B	N	3	22	325	34
65	M	5	4	W	N	9	46	496	391
88	M	5	5	W	H	3	22	271	65
45	F	4	6	W	N	7	38	476	409
49	M	4	5	W	N	8	42	853	367
79	M	4	6	W	N	9	46	577	304
76	M	4	4	B	N	2	18	281	74
25	M	4	4	W	N	8	42	593	363
75	M	5	6	W	N	1	14	720	1
54	M	5	2	W	N	4	26	669	338
40	F	2	5	M	N	3	22	465	165
92	M	4	6	W	N	2	18	514	106
47	F	5	6	W	N	6	34	583	257
76	M	4	4	B	N	7	38	0	0
75	M	5	6	W	N	10	50	959	368
64	M	3	2	W	H	2	18	234	29
28	F	4	6	W	N	6	34	406	179
49	M	4	5	W	N	6	34	663	246
50	M	4	3	W	N	11	54	384	407
