subject	session	speaker	protocol	last_update	utterances	word_tokens	word_types	mlu
22	1	P	H		891	3308	470	3.71268237935
22	1	C	H		87	100	37	1.14942528736
22	2	P	H		1078	4103	469	3.80612244898
22	2	C	H		385	428	86	1.11168831169
22	3	P	H		1025	3941	452	3.84487804878
22	3	C	H		460	611	144	1.32826086957
22	4	P	H		1517	6132	664	4.04218852999
22	4	C	H		995	1741	276	1.74974874372
22	5	P	H		1210	5434	654	4.49090909091
22	5	C	H		1270	3361	401	2.64645669291
22	6	P	H		1252	5604	650	4.47603833866
22	6	C	H		1065	3283	397	3.08262910798
22	7	P	H		908	4065	577	4.4768722467
22	7	C	H		872	2832	403	3.24770642202
22	8	P	H		826	4057	662	4.91162227603
22	8	C	H		690	2307	344	3.34347826087
22	9	P	H		1138	5468	584	4.80492091388
22	9	C	H		841	2810	436	3.34126040428
22	10	P	H		939	4592	626	4.89030883919
22	10	C	H		733	2600	402	3.54706684857
22	11	P	H		985	4779	721	4.85177664975
22	11	C	H		839	2869	475	3.41954707986
22	12	P	H		1126	6619	900	5.878330373
22	12	C	H		577	1898	364	3.28942807626
24	1	P	H		1344	4216	515	3.1369047619
24	1	C	H		54	56	20	1.03703703704
24	2	P	H		751	2679	379	3.5672436751
24	2	C	H		151	161	50	1.06622516556
24	3	P	H		700	3049	449	4.35571428571
24	3	C	H		227	311	99	1.37004405286
24	4	P	H		763	2694	381	3.53079947575
24	4	C	H		409	664	163	1.62347188264
24	5	P	H		1220	4725	533	3.87295081967
24	5	C	H		1004	2513	387	2.50298804781
24	6	P	H		935	3863	418	4.13155080214
24	6	C	H		1044	2909	361	2.78639846743
24	7	P	H		1645	7027	577	4.2717325228
24	7	C	H		855	2343	358	2.74035087719
24	8	P	H		1482	6725	639	4.53778677463
24	8	C	H		1060	3316	421	3.12830188679
24	9	P	H		1383	6302	568	4.55676066522
24	9	C	H		997	3868	481	3.87963891675
24	10	P	H		1334	6298	612	4.72113943028
24	10	C	H		855	2943	443	3.44210526316
24	11	P	H		965	5323	671	5.51606217617
24	11	C	H		593	2886	413	4.86677908938
24	12	P	H		1032	4890	618	4.73837209302
24	12	C	H		723	3315	505	4.58506224066
25	1	P	H		612	2380	370	3.88888888889
25	1	C	H		2	3	2	1.5
25	2	P	H		749	2590	382	3.45794392523
25	2	C	H		16	17	6	1.0625
25	3	P	H		1241	4877	496	3.92989524577
25	3	C	H		242	265	33	1.09504132231
25	4	P	H		1130	3662	386	3.2407079646
25	4	C	H		639	907	132	1.41940532081
25	5	P	H		676	2401	356	3.55177514793
25	5	C	H		970	1596	189	1.64536082474
25	6	P	H		526	1862	291	3.53992395437
25	6	C	H		903	2011	189	2.22702104097
25	7	P	H		1313	5816	583	4.42955064737
25	7	C	H		972	2853	280	2.93518518519
25	8	P	H		1770	6627	593	3.74406779661
25	8	C	H		1554	4260	363	2.74131274131
25	9	P	H		1546	6777	542	4.38357050453
25	9	C	H		1497	4771	349	3.18704074816
25	10	P	H		702	3098	402	4.41310541311
25	10	C	H		1045	3836	345	3.67081339713
25	11	P	H		59	269	91	4.5593220339
25	11	C	H		636	2116	293	3.32704402516
25	12	P	H		643	2942	473	4.57542768274
25	12	C	H		853	3045	391	3.56975381008
27	1	P	H		1856	7609	566	4.09967672414
27	1	C	H		0	0	0	-
27	2	P	H		2183	9343	604	4.27989005955
27	2	C	H		11	15	8	1.36363636364
27	3	P	H		1790	6877	575	3.84189944134
27	3	C	H		33	33	17	1.0
27	4	P	H		1960	7347	618	3.74846938776
27	4	C	H		442	508	101	1.14932126697
27	5	P	H		1800	7643	731	4.24611111111
27	5	C	H		774	1058	198	1.3669250646
27	6	P	H		1717	7439	620	4.33255678509
27	6	C	H		783	1477	270	1.88633461047
27	7	P	H		1737	6810	581	3.92055267703
27	7	C	H		607	1532	243	2.52388797364
27	8	P	H		1713	6610	617	3.85872737887
27	8	C	H		742	1674	292	2.25606469003
27	9	P	H		2232	8138	722	3.64605734767
27	9	C	H		1102	2792	388	2.5335753176
27	10	P	H		1954	7934	737	4.06038894575
27	10	C	H		934	3669	461	3.92826552463
27	11	P	H		1553	6646	664	4.2794591114
27	11	C	H		610	2368	355	3.88196721311
27	12	P	H		1443	6206	744	4.30076230076
27	12	C	H		460	1202	298	2.61304347826
28	1	P	H		1220	4913	507	4.02704918033
28	1	C	H		14	17	4	1.21428571429
28	2	P	H		1717	6949	761	4.04717530577
28	2	C	H		70	92	26	1.31428571429
28	3	P	H		1407	5244	668	3.72707889126
28	3	C	H		284	292	34	1.02816901408
28	4	P	H		1295	5211	550	4.02393822394
28	4	C	H		660	698	61	1.05757575758
28	5	P	H		1064	4473	602	4.20394736842
28	5	C	H		651	1040	124	1.5975422427
28	6	P	H		573	2343	406	4.0890052356
28	6	C	H		575	1155	179	2.00869565217
28	7	P	H		853	3761	510	4.40914419695
28	7	C	H		1140	2975	302	2.60964912281
28	8	P	H		720	3603	507	5.00416666667
28	8	C	H		623	1956	260	3.13964686998
28	9	P	H		527	2153	410	4.08538899431
28	9	C	H		760	2383	320	3.13552631579
28	10	P	H		511	2438	491	4.771037182
28	10	C	H		308	995	189	3.23051948052
28	11	P	H		757	3708	500	4.89828269485
28	11	C	H		672	2191	282	3.26041666667
28	12	P	H		1191	7082	1030	5.946263644
28	12	C	H		546	2033	273	3.72344322344
29	1	P	H		1248	4268	468	3.41987179487
29	1	C	H		52	67	10	1.28846153846
29	2	P	H		1110	4179	427	3.76486486486
29	2	C	H		203	270	87	1.33004926108
29	3	P	H		987	3730	476	3.77912867275
29	3	C	H		1198	2187	275	1.82554257095
29	4	P	H		873	3825	446	4.38144329897
29	4	C	H		566	1458	233	2.57597173145
29	5	P	H		1032	4380	486	4.24418604651
29	5	C	H		961	3296	331	3.42976066597
29	6	P	H		1052	4666	539	4.43536121673
29	6	C	H		775	2812	358	3.62838709677
29	7	P	H		1359	4997	511	3.67696835909
29	7	C	H		978	4169	430	4.26278118609
29	8	P	H		1436	5670	543	3.94846796657
29	8	C	H		886	3471	376	3.91760722348
29	9	P	H		1190	4984	587	4.18823529412
29	9	C	H		1093	4650	493	4.25434583715
29	10	P	H		1513	6037	625	3.99008592201
29	10	C	H		990	3805	471	3.84343434343
29	11	P	H		0	0	0	-
29	11	C	H		656	2381	374	3.62957317073
29	12	P	H		7	20	14	2.85714285714
29	12	C	H		708	2916	410	4.1186440678
30	1	P	H		662	2622	486	3.96072507553
30	1	C	H		12	12	4	1.0
30	2	P	H		772	3627	578	4.6981865285
30	2	C	H		62	92	13	1.48387096774
30	3	P	H		813	3139	422	3.86100861009
30	3	C	H		60	64	29	1.06666666667
30	4	P	H		1054	3597	379	3.41271347249
30	4	C	H		179	180	55	1.00558659218
30	5	P	H		890	3248	454	3.64943820225
30	5	C	H		387	693	222	1.79069767442
30	6	P	H		663	2871	360	4.33031674208
30	6	C	H		453	974	256	2.15011037528
30	7	P	H		899	3772	509	4.1957730812
30	7	C	H		428	866	270	2.02336448598
30	8	P	H		968	4030	516	4.1632231405
30	8	C	H		333	714	227	2.14414414414
30	9	P	H		1328	6271	600	4.72213855422
30	9	C	H		399	1056	243	2.64661654135
30	10	P	H		1347	5920	748	4.39495174462
30	10	C	H		325	919	210	2.82769230769
30	11	P	H		1097	5287	550	4.8195077484
30	11	C	H		476	1701	294	3.57352941176
30	12	P	H		729	3676	405	5.04252400549
30	12	C	H		571	2260	260	3.95796847636
32	7	P	H		606	1896	322	3.12871287129
32	7	C	H		320	525	146	1.640625
32	8	P	H		125	463	178	3.704
32	8	C	H		681	1391	270	2.04258443465
32	9	P	H		374	1493	275	3.99197860963
32	9	C	H		482	1217	236	2.52489626556
33	1	P	H		683	2607	337	3.81698389458
33	1	C	H		5	8	5	1.6
33	2	P	H		956	4083	546	4.27092050209
33	2	C	H		102	103	26	1.00980392157
33	3	P	H		940	3838	425	4.0829787234
33	3	C	H		392	514	60	1.3112244898
33	4	P	H		828	3396	456	4.10144927536
33	4	C	H		513	954	177	1.85964912281
33	5	P	H		790	3419	455	4.32784810127
33	5	C	H		480	1099	186	2.28958333333
33	6	P	H		542	2429	355	4.4815498155
33	6	C	H		528	1699	182	3.2178030303
33	7	P	H		484	2404	403	4.96694214876
33	7	C	H		684	2294	306	3.35380116959
33	8	P	H		440	2083	373	4.73409090909
33	8	C	H		455	1744	290	3.83296703297
33	9	P	H		169	768	208	4.54437869822
33	9	C	H		402	1494	272	3.71641791045
33	10	P	H		287	1451	286	5.05574912892
33	10	C	H		407	1698	307	4.17199017199
33	11	P	H		195	868	193	4.45128205128
33	11	C	H		126	405	139	3.21428571429
33	12	P	H		135	640	194	4.74074074074
33	12	C	H		224	774	199	3.45535714286
34	5	P	H		893	3528	378	3.95072788354
34	5	C	H		29	30	10	1.03448275862
34	6	P	H		1079	4475	409	4.14735866543
34	6	C	H		171	177	30	1.0350877193
34	7	P	H		1470	5605	513	3.81292517007
34	7	C	H		277	347	58	1.25270758123
34	8	P	H		1287	4794	423	3.72494172494
34	8	C	H		503	638	57	1.26838966203
34	9	P	H		1480	5711	474	3.85878378378
34	9	C	H		645	791	104	1.22635658915
35	3	P	H		1109	5059	501	4.56176735798
35	3	C	H		912	1898	300	2.08114035088
35	4	P	H		1331	6052	544	4.54695717506
35	4	C	H		691	1804	275	2.61070911722
35	5	P	H		1046	5256	560	5.02485659656
35	5	C	H		788	2712	351	3.44162436548
35	6	P	H		1066	5752	519	5.39587242026
35	6	C	H		524	2077	296	3.96374045802
35	7	P	H		889	4570	507	5.14060742407
35	7	C	H		625	2544	339	4.0704
35	8	P	H		788	4046	488	5.1345177665
35	8	C	H		619	2860	389	4.62035541195
35	9	P	H		858	4890	504	5.6993006993
35	9	C	H		512	1938	289	3.78515625
37	1	P	H		943	3096	358	3.28313891835
37	1	C	H		116	118	37	1.01724137931
37	2	P	H		903	4286	661	4.74640088594
37	2	C	H		192	209	64	1.08854166667
37	3	P	H		564	2410	398	4.27304964539
37	3	C	H		299	392	112	1.3110367893
37	4	P	H		231	1059	228	4.58441558442
37	4	C	H		711	1359	207	1.91139240506
37	5	P	H		1206	4395	502	3.64427860697
37	5	C	H		207	429	116	2.07246376812
37	6	P	H		681	2849	379	4.18355359765
37	6	C	H		515	1748	259	3.39417475728
37	7	P	H		1196	6035	746	5.04598662207
37	7	C	H		554	1918	285	3.46209386282
37	8	P	H		239	1199	266	5.01673640167
37	8	C	H		557	1797	315	3.22621184919
37	9	P	H		1007	3975	453	3.94736842105
37	9	C	H		302	779	203	2.57947019868
37	10	P	H		1181	5287	647	4.4767146486
37	10	C	H		539	1619	326	3.00371057514
37	11	P	H		848	3232	381	3.81132075472
37	11	C	H		183	639	165	3.49180327869
37	12	P	H		1297	6277	552	4.83962991519
37	12	C	H		390	1392	284	3.56923076923
38	1	P	H		1339	5080	574	3.79387602689
38	1	C	H		68	74	24	1.08823529412
38	2	P	H		1035	3890	449	3.75845410628
38	2	C	H		380	422	86	1.11052631579
38	3	P	H		1094	4482	536	4.09689213894
38	3	C	H		509	819	144	1.60903732809
38	4	P	H		762	3475	523	4.56036745407
38	4	C	H		736	1609	265	2.18614130435
38	5	P	H		645	2935	452	4.5503875969
38	5	C	H		681	1712	270	2.51395007342
38	6	P	H		816	3973	556	4.86887254902
38	6	C	H		634	1925	295	3.03627760252
38	7	P	H		311	1578	351	5.07395498392
38	7	C	H		626	2040	306	3.25878594249
38	8	P	H		413	2010	346	4.86682808717
38	8	C	H		520	1881	307	3.61730769231
38	9	P	H		1117	4830	626	4.32408236347
38	9	C	H		809	3020	398	3.73300370828
38	10	P	H		880	3722	555	4.22954545455
38	10	C	H		644	2560	362	3.9751552795
38	11	P	H		707	3808	545	5.38613861386
38	11	C	H		778	3547	439	4.55912596401
38	12	P	H		692	3257	573	4.70664739884
38	12	C	H		494	2150	342	4.35222672065
39	1	P	H		1085	3591	368	3.30967741935
39	1	C	H		125	146	30	1.168
39	2	P	H		1087	3577	412	3.29070837167
39	2	C	H		424	576	86	1.35849056604
39	3	P	H		1001	3458	360	3.45454545455
39	3	C	H		720	1135	168	1.57638888889
39	4	P	H		814	3096	339	3.80343980344
39	4	C	H		603	1512	205	2.50746268657
39	5	P	H		453	1651	282	3.64459161148
39	5	C	H		647	1862	233	2.87789799073
39	6	P	H		599	2250	326	3.75626043406
39	6	C	H		966	3166	312	3.27743271222
39	7	P	H		677	2740	338	4.04726735598
39	7	C	H		817	2693	333	3.29620563035
39	8	P	H		969	3643	439	3.75954592363
39	8	C	H		757	2462	312	3.25231175694
39	9	P	H		143	647	183	4.52447552448
39	9	C	H		1078	3914	444	3.63079777365
39	10	P	H		629	2373	371	3.77265500795
39	10	C	H		660	2315	349	3.50757575758
39	11	P	H		221	769	220	3.47963800905
39	11	C	H		685	2352	367	3.43357664234
39	12	P	H		252	1095	255	4.34523809524
39	12	C	H		758	2960	354	3.90501319261
40	1	P	H		1497	4431	433	2.95991983968
40	1	C	H		102	116	42	1.13725490196
40	2	P	H		1505	4726	513	3.14019933555
40	2	C	H		187	197	47	1.05347593583
40	3	P	H		1565	5274	465	3.36996805112
40	3	C	H		448	626	165	1.39732142857
40	4	P	H		1679	6647	558	3.95890410959
40	4	C	H		606	1307	221	2.15676567657
40	5	P	H		399	2017	334	5.05513784461
40	5	C	H		740	1803	288	2.43648648649
40	6	P	H		694	2629	412	3.78818443804
40	6	C	H		736	2358	357	3.20380434783
40	7	P	H		1438	5781	659	4.02016689847
40	7	C	H		835	2028	357	2.42874251497
40	8	P	H		280	1132	248	4.04285714286
40	8	C	H		952	2791	385	2.93172268908
40	9	P	H		152	678	203	4.46052631579
40	9	C	H		736	2400	379	3.26086956522
40	10	P	H		629	2736	437	4.34976152623
40	10	C	H		791	3078	451	3.89127686473
40	11	P	H		234	978	224	4.17948717949
40	11	C	H		1072	5469	592	5.10167910448
40	12	P	H		233	1037	256	4.45064377682
40	12	C	H		634	2583	449	4.07413249211
42	1	P	H		683	1937	263	2.83601756955
42	1	C	H		7	7	1	1.0
42	2	P	H		945	3028	330	3.20423280423
42	2	C	H		33	36	13	1.09090909091
42	3	P	H		1349	4626	464	3.42920681987
42	3	C	H		180	184	36	1.02222222222
42	4	P	H		1617	6729	666	4.16141001855
42	4	C	H		710	774	154	1.09014084507
42	5	P	H		1010	4544	508	4.49900990099
42	5	C	H		720	1562	236	2.16944444444
42	6	P	H		792	3516	550	4.43939393939
42	6	C	H		709	1886	245	2.66008462623
42	7	P	H		526	2125	363	4.03992395437
42	7	C	H		552	1917	252	3.47282608696
42	8	P	H		616	2701	406	4.38474025974
42	8	C	H		480	1452	260	3.025
42	9	P	H		514	2344	420	4.56031128405
42	9	C	H		657	2198	327	3.34550989346
42	10	P	H		558	2618	464	4.6917562724
42	10	C	H		541	2024	359	3.74121996303
42	12	P	H		594	2435	359	4.09932659933
42	12	C	H		705	2968	446	4.20992907801
43	1	P	H		1053	3474	484	3.29914529915
43	1	C	H		149	210	32	1.40939597315
43	2	P	H		751	2426	403	3.23035952064
43	2	C	H		439	487	87	1.10933940774
43	3	P	H		834	2737	400	3.28177458034
43	3	C	H		491	753	157	1.53360488798
43	4	P	H		944	3626	491	3.84110169492
43	4	C	H		508	1227	295	2.41535433071
43	5	P	H		826	3232	475	3.91283292978
43	5	C	H		610	2360	285	3.86885245902
43	6	P	H		1092	4897	639	4.48443223443
43	6	C	H		693	2487	359	3.58874458874
43	7	P	H		844	4303	512	5.09834123223
43	7	C	H		595	2174	326	3.65378151261
43	8	P	H		605	2739	431	4.52727272727
43	8	C	H		483	2047	313	4.2380952381
43	9	P	H		345	1715	340	4.97101449275
43	9	C	H		448	2206	344	4.92410714286
43	10	P	H		753	3156	487	4.19123505976
43	10	C	H		760	3109	455	4.09078947368
43	11	P	H		506	2395	427	4.73320158103
43	11	C	H		717	3153	432	4.39748953975
43	12	P	H		711	3494	565	4.91420534459
43	12	C	H		581	2205	457	3.79518072289
44	1	P	H		724	3127	363	4.31906077348
44	1	C	H		34	41	11	1.20588235294
44	2	P	H		415	1219	226	2.93734939759
44	2	C	H		83	98	29	1.18072289157
44	3	P	H		731	2370	292	3.24213406293
44	3	C	H		481	729	120	1.51559251559
44	4	P	H		533	2199	287	4.12570356473
44	4	C	H		454	1254	182	2.76211453744
44	5	P	H		449	1986	290	4.42316258352
44	5	C	H		400	1254	214	3.135
44	6	P	H		136	736	170	5.41176470588
44	6	C	H		345	1193	199	3.45797101449
44	7	P	H		227	1065	230	4.69162995595
44	7	C	H		575	2112	293	3.67304347826
44	8	P	H		197	822	206	4.17258883249
44	8	C	H		662	2583	372	3.90181268882
44	9	P	H		46	214	105	4.65217391304
44	9	C	H		1105	4540	470	4.10859728507
44	10	P	H		18	93	60	5.16666666667
44	10	C	H		721	2958	394	4.10263522885
44	11	P	H		29	125	63	4.31034482759
44	11	C	H		631	2145	303	3.39936608558
44	12	P	H		81	441	147	5.44444444444
44	12	C	H		909	4073	411	4.48074807481
45	1	P	H		587	2007	356	3.41908006814
45	1	C	H		126	132	30	1.04761904762
45	2	P	H		784	2782	398	3.54846938776
45	2	C	H		282	292	71	1.03546099291
45	3	P	H		786	2894	411	3.68193384224
45	3	C	H		1056	1212	255	1.14772727273
45	4	P	H		1155	4593	565	3.97662337662
45	4	C	H		971	2670	372	2.74974253347
45	5	P	H		948	3674	513	3.87552742616
45	5	C	H		974	3414	351	3.50513347023
45	6	P	H		670	2900	433	4.32835820896
45	6	C	H		981	2880	399	2.93577981651
45	7	P	H		743	3101	476	4.1736204576
45	7	C	H		1068	3667	409	3.43352059925
45	8	P	H		1021	4376	587	4.28599412341
45	8	C	H		953	3585	468	3.76180482686
45	9	P	H		448	2289	412	5.109375
45	9	C	H		468	1823	291	3.8952991453
45	10	P	H		671	3127	475	4.66020864382
45	10	C	H		470	1571	315	3.34255319149
45	11	P	H		700	3452	516	4.93142857143
45	11	C	H		732	3025	423	4.1325136612
45	12	P	H		637	2852	484	4.47723704867
45	12	C	H		760	3170	476	4.17105263158
46	1	P	H		849	2443	328	2.87750294464
46	1	C	H		23	27	7	1.17391304348
46	2	P	H		681	2037	289	2.99118942731
46	2	C	H		54	60	7	1.11111111111
46	3	P	H		1130	3638	410	3.21946902655
46	3	C	H		53	56	19	1.05660377358
46	4	P	H		1136	4060	447	3.57394366197
46	4	C	H		143	155	48	1.08391608392
46	5	P	H		1496	4408	445	2.94652406417
46	5	C	H		278	342	95	1.23021582734
46	6	P	H		1301	4627	467	3.55649500384
46	6	C	H		467	692	142	1.4817987152
46	7	P	H		1160	3736	454	3.22068965517
46	7	C	H		513	685	160	1.33528265107
46	8	P	H		1478	4473	467	3.02638700947
46	8	C	H		485	674	138	1.38969072165
46	9	P	H		1380	5473	562	3.96594202899
46	9	C	H		496	740	170	1.49193548387
46	10	P	H		1668	6854	666	4.10911270983
46	10	C	H		674	1184	233	1.75667655786
46	11	P	H		1174	4420	479	3.76490630324
46	11	C	H		434	937	190	2.15898617512
46	12	P	H		613	2897	379	4.72593800979
46	12	C	H		487	1367	234	2.80698151951
47	1	P	H		1106	3836	442	3.46835443038
47	1	C	H		25	32	9	1.28
47	2	P	H		652	2808	442	4.30674846626
47	2	C	H		136	228	22	1.67647058824
47	3	P	H		906	3660	547	4.03973509934
47	3	C	H		256	379	67	1.48046875
47	4	P	H		1060	4427	509	4.17641509434
47	4	C	H		674	1127	143	1.67210682493
47	5	P	H		1015	4544	540	4.47684729064
47	5	C	H		553	1022	176	1.84810126582
47	6	P	H		956	3922	583	4.10251046025
47	6	C	H		731	1721	257	2.35430916553
47	7	P	H		1001	3981	495	3.97702297702
47	7	C	H		981	3110	394	3.17023445464
47	8	P	H		1097	5276	516	4.80948040109
47	8	C	H		719	2078	316	2.89012517385
47	9	P	H		465	2351	367	5.05591397849
47	9	C	H		687	2317	306	3.37263464338
47	10	P	H		668	3553	588	5.31886227545
47	10	C	H		524	1626	267	3.10305343511
47	11	P	H		814	3774	525	4.63636363636
47	11	C	H		748	2904	468	3.88235294118
47	12	P	H		1486	8262	1104	5.5598923284
47	12	C	H		692	2587	397	3.73843930636
48	1	P	H		1419	4333	497	3.05355884426
48	1	C	H		11	11	5	1.0
48	2	P	H		1311	5423	549	4.13653699466
48	2	C	H		45	46	14	1.02222222222
48	3	P	H		1105	4338	403	3.9257918552
48	3	C	H		119	129	25	1.08403361345
48	4	P	H		1004	3134	372	3.12151394422
48	4	C	H		245	272	38	1.11020408163
48	5	P	H		1860	5931	599	3.18870967742
48	5	C	H		463	736	175	1.58963282937
48	6	P	H		1648	5794	513	3.51577669903
48	6	C	H		1117	2711	326	2.42703670546
48	7	P	H		2010	7927	668	3.94378109453
48	7	C	H		1023	2983	340	2.91593352884
48	8	P	H		1862	7165	618	3.84801288937
48	8	C	H		808	2539	353	3.14232673267
48	9	P	H		1760	6991	613	3.97215909091
48	9	C	H		928	3135	349	3.37823275862
48	10	P	H		1605	6650	574	4.14330218069
48	10	C	H		922	3185	411	3.45444685466
48	11	P	H		1929	8881	701	4.60393986522
48	11	C	H		1019	3053	440	2.99607458292
48	12	P	H		1682	7243	610	4.30618311534
48	12	C	H		972	3595	465	3.69855967078
49	1	P	H		986	3525	552	3.57505070994
49	1	C	H		0	0	0	-
49	2	P	H		903	3386	536	3.74972314507
49	2	C	H		40	40	5	1.0
49	3	P	H		805	2897	431	3.59875776398
49	3	C	H		304	323	24	1.0625
49	4	P	H		727	2868	458	3.94497936726
49	4	C	H		411	575	80	1.39902676399
49	5	P	H		1600	6883	640	4.301875
49	5	C	H		583	923	192	1.58319039451
49	6	P	H		1232	6618	663	5.37175324675
49	6	C	H		583	1410	246	2.41852487136
49	7	P	H		1696	7278	674	4.29127358491
49	7	C	H		802	2273	337	2.83416458853
49	8	P	H		1835	9071	853	4.94332425068
49	8	C	H		667	2121	367	3.17991004498
49	9	P	H		1473	6518	709	4.42498302783
49	9	C	H		1003	3168	411	3.15852442672
49	10	P	H		1416	8357	776	5.90183615819
49	10	C	H		569	2518	379	4.42530755712
49	11	P	H		0	0	0	-
49	11	C	H		685	2393	413	3.49343065693
49	12	P	H		965	4359	561	4.5170984456
49	12	C	H		614	2113	342	3.44136807818
50	1	P	H		1129	4914	544	4.35252435784
50	1	C	H		3	3	1	1.0
50	2	P	H		1392	5783	718	4.15445402299
50	2	C	H		136	150	36	1.10294117647
50	3	P	H		1228	5267	586	4.28908794788
50	3	C	H		493	600	155	1.21703853955
50	4	P	H		869	4486	519	5.16225546605
50	4	C	H		640	1905	253	2.9765625
50	5	P	H		573	3031	446	5.28970331588
50	5	C	H		625	2073	273	3.3168
50	6	P	H		649	3609	506	5.56086286595
50	6	C	H		607	2104	340	3.46622734761
50	7	P	H		603	2705	403	4.48590381426
50	7	C	H		373	1053	226	2.82305630027
50	8	P	H		769	3566	467	4.63719115735
50	8	C	H		571	1973	343	3.45534150613
50	9	P	H		538	2624	392	4.87732342007
50	9	C	H		495	1823	311	3.68282828283
50	10	P	H		745	3941	535	5.28993288591
50	10	C	H		732	2777	475	3.79371584699
50	11	P	H		428	2048	384	4.78504672897
50	11	C	H		726	2417	407	3.32920110193
50	12	P	H		372	1934	298	5.19892473118
50	12	C	H		542	2058	295	3.79704797048
51	1	P	H		940	2948	345	3.13617021277
51	1	C	H		53	63	17	1.18867924528
51	2	P	H		1020	3473	434	3.40490196078
51	2	C	H		93	112	42	1.20430107527
51	3	P	H		886	3111	518	3.51128668172
51	3	C	H		341	450	133	1.31964809384
51	4	P	H		1076	3642	527	3.38475836431
51	4	C	H		527	696	213	1.32068311195
51	5	P	H		1085	4526	600	4.17142857143
51	5	C	H		732	1607	332	2.19535519126
51	6	P	H		754	3123	487	4.14190981432
51	6	C	H		832	2085	344	2.50600961538
51	7	P	H		938	3800	475	4.05117270789
51	7	C	H		618	1810	318	2.928802589
51	8	P	H		630	2709	389	4.3
51	8	C	H		715	2088	353	2.92027972028
51	9	P	H		466	1936	369	4.15450643777
51	9	C	H		735	2784	406	3.78775510204
51	10	P	H		214	1158	264	5.41121495327
51	10	C	H		1021	4426	457	4.33496571988
51	11	P	H		586	2569	490	4.38395904437
51	11	C	H		825	2344	408	2.84121212121
51	12	P	H		101	441	166	4.36633663366
51	12	C	H		1161	4317	584	3.71834625323
54	1	P	H		1366	4235	410	3.10029282577
54	1	C	H		218	244	39	1.11926605505
54	2	P	H		1340	5896	613	4.4
54	2	C	H		469	551	128	1.17484008529
54	3	P	H		1208	5840	618	4.83443708609
54	3	C	H		519	786	210	1.51445086705
54	4	P	H		1188	5788	669	4.87205387205
54	4	C	H		869	2091	338	2.40621403913
54	5	P	H		1190	6164	580	5.17983193277
54	5	C	H		679	1943	311	2.86156111929
54	6	P	H		1088	5696	653	5.23529411765
54	6	C	H		930	3096	395	3.32903225806
54	7	P	H		885	4532	536	5.1209039548
54	7	C	H		869	3145	382	3.61910241657
54	8	P	H		533	2802	541	5.25703564728
54	8	C	H		630	2154	352	3.41904761905
54	9	P	H		915	4681	612	5.11584699454
54	9	C	H		900	3126	441	3.47333333333
54	10	P	H		857	5553	737	6.47957992999
54	10	C	H		415	1777	310	4.28192771084
54	11	P	H		1099	5179	534	4.71246587807
54	11	C	H		988	3951	484	3.99898785425
54	12	P	H		1062	6223	883	5.85969868173
54	12	C	H		794	3257	424	4.10201511335
55	1	P	H		295	865	197	2.93220338983
55	1	C	H		133	155	36	1.16541353383
55	2	P	H		319	1018	243	3.19122257053
55	2	C	H		140	197	75	1.40714285714
55	3	P	H		251	880	201	3.50597609562
55	3	C	H		260	431	111	1.65769230769
55	4	P	H		248	822	186	3.31451612903
55	4	C	H		243	445	130	1.83127572016
55	5	P	H		316	986	226	3.12025316456
55	5	C	H		234	438	114	1.87179487179
55	6	P	H		35	124	65	3.54285714286
55	6	C	H		501	1296	245	2.58682634731
55	7	P	H		269	940	251	3.49442379182
55	7	C	H		322	938	233	2.91304347826
55	8	P	H		685	2812	405	4.10510948905
55	8	C	H		557	2166	344	3.88868940754
55	9	P	H		789	3632	474	4.60329531052
55	9	C	H		981	3680	484	3.75127420999
55	10	P	H		159	655	203	4.11949685535
55	10	C	H		520	1732	359	3.33076923077
55	11	P	H		715	2897	491	4.05174825175
55	11	C	H		681	3090	532	4.53744493392
55	12	P	H		165	794	261	4.81212121212
55	12	C	H		366	1291	312	3.52732240437
58	1	P	H		1288	4527	371	3.5147515528
58	1	C	H		104	108	33	1.03846153846
58	2	P	H		1224	4072	419	3.32679738562
58	2	C	H		162	182	45	1.12345679012
58	3	P	H		1684	5200	396	3.08788598575
58	3	C	H		489	527	118	1.07770961145
58	4	P	H		1170	4706	483	4.02222222222
58	4	C	H		781	1839	278	2.35467349552
58	5	P	H		1020	4408	509	4.32156862745
58	5	C	H		508	1292	214	2.54330708661
58	6	P	H		1572	7377	649	4.6927480916
58	6	C	H		705	2390	225	3.39007092199
58	7	P	H		1139	5343	649	4.69095697981
58	7	C	H		691	2971	364	4.2995658466
58	8	P	H		998	4385	548	4.39378757515
58	8	C	H		1009	3373	429	3.34291377602
58	9	P	H		0	0	0	-
58	9	C	H		899	3551	488	3.94994438265
58	10	P	H		1200	5215	632	4.34583333333
58	10	C	H		730	2520	417	3.45205479452
58	11	P	H		1348	6681	822	4.95623145401
58	11	C	H		728	2676	478	3.67582417582
58	12	P	H		36	143	71	3.97222222222
58	12	C	H		749	2805	399	3.74499332443
59	1	P	H		529	1906	321	3.60302457467
59	1	C	H		182	243	40	1.33516483516
59	2	P	H		514	1545	216	3.00583657588
59	2	C	H		236	314	43	1.33050847458
59	3	P	H		274	1019	239	3.71897810219
59	3	C	H		185	200	38	1.08108108108
59	4	P	H		305	1084	212	3.55409836066
59	4	C	H		199	274	73	1.37688442211
59	6	P	H		480	1923	339	4.00625
59	6	C	H		374	837	166	2.23796791444
59	7	P	H		331	1447	274	4.37160120846
59	7	C	H		496	1586	227	3.19758064516
59	8	P	H		61	260	101	4.26229508197
59	8	C	H		635	2336	339	3.67874015748
59	9	P	H		58	230	103	3.96551724138
59	9	C	H		713	2521	305	3.53576437588
59	10	P	H		86	330	129	3.83720930233
59	10	C	H		498	1722	326	3.4578313253
59	11	P	H		66	327	120	4.95454545455
59	11	C	H		467	1619	335	3.46680942184
59	12	P	H		42	182	80	4.33333333333
59	12	C	H		331	1271	326	3.83987915408
61	1	P	H		347	958	204	2.76080691643
61	1	C	H		31	36	19	1.16129032258
61	2	P	H		500	1548	264	3.096
61	2	C	H		221	228	31	1.03167420814
61	3	P	H		437	1519	244	3.47597254005
61	3	C	H		254	317	49	1.24803149606
61	4	P	H		686	2479	354	3.61370262391
61	4	C	H		495	807	137	1.6303030303
61	5	P	H		577	2141	337	3.71057192374
61	5	C	H		636	1272	191	2.0
61	6	P	H		543	2252	356	4.14732965009
61	6	C	H		955	2310	289	2.41884816754
61	7	P	H		1173	4495	512	3.83205456095
61	7	C	H		738	2035	289	2.75745257453
61	8	P	H		855	3391	426	3.96608187135
61	8	C	H		603	1695	237	2.81094527363
61	9	P	H		278	1113	263	4.0035971223
61	9	C	H		223	744	181	3.33632286996
61	10	P	H		284	1236	253	4.35211267606
61	10	C	H		218	703	160	3.2247706422
61	11	P	H		83	303	116	3.65060240964
61	11	C	H		329	1092	185	3.31914893617
61	12	P	H		461	2061	337	4.47071583514
61	12	C	H		676	2532	379	3.74556213018
62	1	P	H		1553	6550	628	4.21764327109
62	1	C	H		2	2	2	1.0
62	2	P	H		1230	4305	423	3.5
62	2	C	H		146	149	40	1.02054794521
62	3	P	H		1075	3672	457	3.41581395349
62	3	C	H		224	249	81	1.11160714286
62	4	P	H		1237	4863	518	3.93128536783
62	4	C	H		311	633	153	2.03536977492
62	5	P	H		1127	4474	511	3.96983141083
62	5	C	H		410	1040	157	2.53658536585
62	6	P	H		1335	5605	563	4.19850187266
62	6	C	H		461	1049	190	2.27548806941
62	7	P	H		1697	7351	610	4.33176193282
62	7	C	H		512	1317	222	2.572265625
62	8	P	H		1331	5529	645	4.15401953418
62	8	C	H		707	1955	287	2.76520509194
62	9	P	H		1458	6872	604	4.71330589849
62	9	C	H		250	983	154	3.932
62	10	P	H		939	4060	471	4.3237486688
62	10	C	H		331	1320	234	3.98791540785
62	11	P	H		1036	4649	577	4.48745173745
62	11	C	H		672	2331	391	3.46875
62	12	P	H		1621	8309	996	5.12584824183
62	12	C	H		478	1452	330	3.03765690377
64	1	P	H		738	1607	249	2.17750677507
64	1	C	H		34	47	11	1.38235294118
64	2	P	H		605	1388	234	2.29421487603
64	2	C	H		104	112	29	1.07692307692
64	3	P	H		259	647	156	2.49806949807
64	3	C	H		69	77	25	1.11594202899
64	4	P	H		707	1831	291	2.58981612447
64	4	C	H		217	252	67	1.16129032258
64	5	P	H		496	1262	263	2.54435483871
64	5	C	H		259	437	98	1.68725868726
64	6	P	H		559	1675	297	2.99642218247
64	6	C	H		335	562	114	1.6776119403
64	7	P	H		599	1857	316	3.10016694491
64	7	C	H		575	1140	198	1.98260869565
64	8	P	H		566	1564	241	2.76325088339
64	8	C	H		365	744	142	2.03835616438
64	9	P	H		184	655	180	3.5597826087
64	9	C	H		289	524	144	1.81314878893
64	10	P	H		219	683	167	3.11872146119
64	10	C	H		481	1209	246	2.51351351351
64	11	P	H		437	1625	325	3.71853546911
64	11	C	H		480	1606	211	3.34583333333
64	12	P	H		83	308	117	3.71084337349
64	12	C	H		625	1881	241	3.0096
65	1	P	H		958	3574	392	3.73068893528
65	1	C	H		38	44	17	1.15789473684
65	2	P	H		1050	4220	526	4.01904761905
65	2	C	H		170	178	32	1.04705882353
65	3	P	H		1222	5346	559	4.37479541735
65	3	C	H		583	612	186	1.04974271012
65	4	P	H		880	4254	597	4.83409090909
65	4	C	H		755	1234	304	1.63443708609
65	5	P	H		589	3196	498	5.42614601019
65	5	C	H		555	2485	342	4.47747747748
65	6	P	H		608	3525	485	5.79769736842
65	6	C	H		453	2026	304	4.47240618102
65	7	P	H		822	4044	524	4.9197080292
65	7	C	H		636	2818	362	4.43081761006
65	8	P	H		823	3865	496	4.69623329283
65	8	C	H		587	2327	383	3.96422487223
65	9	P	H		605	3507	496	5.79669421488
65	9	C	H		525	2904	391	5.53142857143
65	10	P	H		868	5482	601	6.31566820276
65	10	C	H		438	2002	361	4.57077625571
65	11	P	H		725	4482	608	6.18206896552
65	11	C	H		461	2312	387	5.01518438178
65	12	P	H		367	1964	406	5.3514986376
65	12	C	H		273	1124	270	4.11721611722
66	1	P	H		1233	4282	379	3.47283049473
66	1	C	H		25	27	8	1.08
66	2	P	H		1192	3719	336	3.11996644295
66	2	C	H		442	584	68	1.32126696833
66	3	P	H		876	2729	296	3.11529680365
66	3	C	H		356	661	103	1.85674157303
66	4	P	H		1981	7385	512	3.72791519435
66	4	C	H		348	872	148	2.50574712644
66	5	P	H		1280	5677	480	4.43515625
66	5	C	H		524	1432	220	2.73282442748
66	6	P	H		646	2323	376	3.5959752322
66	6	C	H		546	1844	256	3.37728937729
66	7	P	H		1179	4263	373	3.61577608142
66	7	C	H		640	2039	243	3.1859375
66	8	P	H		1255	4233	429	3.37290836653
66	8	C	H		662	2794	310	4.22054380665
66	9	P	H		1398	5919	912	4.2339055794
66	9	C	H		562	2199	305	3.9128113879
66	10	P	H		489	2004	321	4.0981595092
66	10	C	H		261	980	232	3.75478927203
66	11	P	H		883	3418	402	3.87089467724
66	11	C	H		176	679	160	3.85795454545
66	12	P	H		445	1728	305	3.88314606742
66	12	C	H		173	630	168	3.64161849711
68	1	P	H		513	1737	280	3.38596491228
68	1	C	H		23	23	7	1.0
68	2	P	H		487	1636	338	3.35934291581
68	2	C	H		52	58	22	1.11538461538
68	3	P	H		800	2692	401	3.365
68	3	C	H		148	232	74	1.56756756757
68	4	P	H		393	1423	283	3.62086513995
68	4	C	H		149	323	95	2.1677852349
68	5	P	H		557	2160	363	3.87791741472
68	5	C	H		525	1333	226	2.53904761905
68	6	P	H		433	1608	295	3.71362586605
68	6	C	H		372	969	192	2.60483870968
68	7	P	H		1033	4511	571	4.36689254598
68	7	C	H		474	992	224	2.09282700422
68	8	P	H		369	1510	278	4.09214092141
68	8	C	H		190	596	163	3.13684210526
68	9	P	H		268	1357	278	5.06343283582
68	9	C	H		79	221	71	2.79746835443
68	10	P	H		160	673	206	4.20625
68	10	C	H		303	838	200	2.76567656766
68	11	P	H		342	1354	319	3.95906432749
68	11	C	H		361	1204	245	3.3351800554
72	1	P	H		1694	5637	417	3.32762691854
72	1	C	H		0	0	0	-
72	2	P	H		1707	5611	394	3.2870533099
72	2	C	H		12	12	2	1.0
72	3	P	H		1458	4818	393	3.30452674897
72	3	C	H		118	126	34	1.06779661017
72	4	P	H		1590	6354	564	3.99622641509
72	4	C	H		347	756	198	2.17867435159
72	5	P	H		1083	5560	479	5.13388734995
72	5	C	H		346	1320	208	3.81502890173
72	6	P	H		1000	4197	430	4.197
72	6	C	H		344	1008	202	2.93023255814
72	7	P	H		1116	5247	444	4.70161290323
72	7	C	H		427	1862	239	4.3606557377
72	8	P	H		1004	4656	431	4.6374501992
72	8	C	H		416	1733	246	4.16586538462
72	9	P	H		434	2069	302	4.76728110599
72	9	C	H		318	1380	308	4.33962264151
72	10	P	H		706	3629	506	5.1402266289
72	10	C	H		280	1034	238	3.69285714286
72	11	P	H		674	3654	426	5.42136498516
72	11	C	H		183	726	204	3.96721311475
72	12	P	H		660	3579	370	5.42272727273
72	12	C	H		280	1021	229	3.64642857143
73	1	P	H		516	1776	297	3.44186046512
73	1	C	H		2	2	2	1.0
73	2	P	H		708	2349	373	3.31779661017
73	2	C	H		34	35	8	1.02941176471
73	3	P	H		953	3043	381	3.19307450157
73	3	C	H		294	382	85	1.29931972789
73	4	P	H		340	1040	201	3.05882352941
73	4	C	H		479	1134	172	2.36743215031
73	5	P	H		769	2501	362	3.2522756827
73	5	C	H		828	1982	259	2.39371980676
73	6	P	H		535	1786	326	3.33831775701
73	6	C	H		953	2447	301	2.56768100735
73	7	P	H		216	878	214	4.06481481481
73	7	C	H		660	1946	266	2.94848484848
73	8	P	H		473	1711	321	3.61733615222
73	8	C	H		1056	3858	435	3.65340909091
73	9	P	H		319	1166	270	3.65517241379
73	9	C	H		945	3549	399	3.75555555556
73	10	P	H		99	429	146	4.33333333333
73	10	C	H		955	3614	481	3.78429319372
73	11	P	H		219	994	264	4.53881278539
73	11	C	H		638	2663	430	4.17398119122
73	12	P	H		255	1183	265	4.63921568627
73	12	C	H		652	2182	396	3.34662576687
74	1	P	H		400	1730	322	4.325
74	1	C	H		39	42	5	1.07692307692
74	2	P	H		592	2695	387	4.55236486486
74	2	C	H		147	154	16	1.04761904762
74	3	P	H		125	546	149	4.368
74	3	C	H		255	289	52	1.13333333333
74	4	P	H		920	4020	525	4.36956521739
74	4	C	H		666	983	177	1.47597597598
74	5	P	H		491	2104	330	4.28513238289
74	5	C	H		533	1390	165	2.60787992495
74	6	P	H		596	2921	389	4.90100671141
74	6	C	H		821	2825	242	3.44092570037
74	7	P	H		267	1391	266	5.20973782772
74	7	C	H		681	2170	253	3.18649045521
74	8	P	H		533	2963	399	5.55909943715
74	8	C	H		718	2474	254	3.44568245125
74	9	P	H		723	3813	520	5.27385892116
74	9	C	H		891	3950	382	4.43322109989
74	10	P	H		566	2639	421	4.66254416961
74	10	C	H		1029	3797	390	3.68999028183
74	11	P	H		423	2424	417	5.7304964539
74	11	C	H		836	3158	440	3.77751196172
74	12	P	H		833	4711	592	5.65546218487
74	12	C	H		1120	5293	498	4.72589285714
75	1	P	H		2046	8400	720	4.10557184751
75	1	C	H		1	1	1	1.0
75	2	P	H		2400	8595	619	3.58125
75	2	C	H		257	269	71	1.046692607
75	3	P	H		1297	5258	651	4.05397070162
75	3	C	H		373	458	140	1.22788203753
75	4	P	H		2119	9173	718	4.32892873997
75	4	C	H		1125	2772	313	2.464
75	5	P	H		1368	6194	587	4.52777777778
75	5	C	H		793	2662	279	3.35687263556
75	6	P	H		1914	9122	699	4.76593521421
75	6	C	H		1365	3838	338	2.81172161172
75	7	P	H		2249	9622	774	4.27834593153
75	7	C	H		1278	4033	444	3.15571205008
75	8	P	H		2032	9527	796	4.68848425197
75	8	C	H		1295	3816	423	2.94671814672
75	9	P	H		1941	9308	821	4.79546625451
75	9	C	H		1115	3159	385	2.8331838565
75	10	P	H		1905	9849	959	5.17007874016
75	10	C	H		888	2869	368	3.23085585586
75	11	P	H		1699	8029	688	4.72572101236
75	11	C	H		1254	5322	479	4.24401913876
75	12	P	H		2242	11196	732	4.99375557538
75	12	C	H		1094	2836	403	2.59232175503
76	1	P	H		1102	3600	410	3.2667876588
76	1	C	H		82	82	14	1.0
76	2	P	H		1441	4203	281	2.91672449688
76	2	C	H		327	356	74	1.08868501529
76	3	P	H		1577	4644	397	2.94483195942
76	3	C	H		392	531	151	1.35459183673
76	4	P	H		852	2934	301	3.44366197183
76	4	C	H		770	1675	216	2.17532467532
77	1	P	H		207	740	208	3.57487922705
77	1	C	H		19	19	6	1.0
77	2	P	H		101	355	135	3.51485148515
77	2	C	H		33	36	15	1.09090909091
77	3	P	H		163	675	189	4.14110429448
77	3	C	H		110	135	38	1.22727272727
77	4	P	H		177	709	185	4.00564971751
77	4	C	H		217	296	77	1.36405529954
77	5	P	H		262	1095	217	4.17938931298
77	5	C	H		368	686	116	1.86413043478
77	6	P	H		117	518	139	4.42735042735
77	6	C	H		465	901	138	1.9376344086
77	7	P	H		229	818	203	3.57205240175
77	7	C	H		677	1658	201	2.44903988183
77	8	P	H		120	487	147	4.05833333333
77	8	C	H		125	371	108	2.968
77	9	P	H		145	660	186	4.55172413793
77	9	C	H		309	951	147	3.07766990291
77	10	P	H		73	304	113	4.16438356164
77	10	C	H		725	2467	228	3.40275862069
77	11	P	H		22	100	55	4.54545454545
77	11	C	H		381	1100	204	2.88713910761
77	12	P	H		44	262	109	5.95454545455
77	12	C	H		628	2248	339	3.57961783439
78	1	P	H		1108	4805	404	4.33664259928
78	1	C	H		1	1	1	1.0
78	2	P	H		1033	4061	374	3.93126815102
78	2	C	H		9	11	1	1.22222222222
78	3	P	H		844	3116	500	3.69194312796
78	3	C	H		13	13	4	1.0
78	4	P	H		1510	6434	549	4.26092715232
78	4	C	H		4	4	4	1.0
78	5	P	H		1231	5339	490	4.3371242892
78	5	C	H		68	128	28	1.88235294118
78	6	P	H		639	2867	334	4.48669796557
78	6	C	H		223	269	37	1.20627802691
78	7	P	H		972	4036	460	4.15226337449
78	7	C	H		461	650	117	1.40997830803
78	8	P	H		1175	5118	487	4.35574468085
78	8	C	H		481	939	165	1.95218295218
78	9	P	H		1040	4669	505	4.48942307692
78	9	C	H		374	904	192	2.41711229947
78	10	P	H		805	4236	472	5.26211180124
78	10	C	H		269	876	198	3.25650557621
78	11	P	H		596	3063	433	5.13926174497
78	11	C	H		239	627	179	2.62343096234
78	12	P	H		543	2719	395	5.0073664825
78	12	C	H		385	1013	228	2.63116883117
79	1	P	H		1213	4132	381	3.406430338
79	1	C	H		20	21	6	1.05
79	2	P	H		870	3430	306	3.94252873563
79	2	C	H		110	115	34	1.04545454545
79	4	P	H		1477	5598	481	3.79011509817
79	4	C	H		1171	2303	272	1.96669513237
79	5	P	H		1446	5728	473	3.9612724758
79	5	C	H		923	2388	297	2.5872156013
79	6	P	H		1148	5017	490	4.37020905923
79	6	C	H		1067	3104	298	2.90909090909
79	7	P	H		1487	5531	489	3.71956960323
79	7	C	H		876	2730	329	3.11643835616
79	8	P	H		1113	5115	521	4.59568733154
79	8	C	H		752	2609	355	3.46941489362
79	9	P	H		1685	6926	577	4.11038575668
79	9	C	H		976	2855	304	2.92520491803
79	10	P	H		1683	6769	505	4.0219845514
79	10	C	H		874	3026	384	3.46224256293
79	11	P	H		836	4027	420	4.81698564593
79	11	C	H		561	2095	322	3.73440285205
79	12	P	H		132	842	203	6.37878787879
79	12	C	H		531	2489	338	4.68738229755
80	1	P	H		438	1220	258	2.78538812785
80	1	C	H		30	40	12	1.33333333333
80	2	P	H		1282	4129	534	3.22074882995
80	2	C	H		90	105	26	1.16666666667
80	3	P	H		879	2802	370	3.18771331058
80	3	C	H		341	399	70	1.17008797654
80	4	P	H		379	1298	268	3.42480211082
80	4	C	H		112	162	62	1.44642857143
80	5	P	H		668	2117	334	3.16916167665
80	5	C	H		339	605	124	1.78466076696
80	6	P	H		824	2691	456	3.26577669903
80	6	C	H		289	464	128	1.60553633218
80	7	P	H		650	2154	448	3.31384615385
80	7	C	H		678	1408	197	2.07669616519
80	8	P	H		608	2126	319	3.49671052632
80	8	C	H		511	1325	182	2.59295499022
80	9	P	H		356	1301	273	3.65449438202
80	9	C	H		944	2590	238	2.7436440678
80	10	P	H		711	2532	415	3.5611814346
80	10	C	H		1020	3079	337	3.01862745098
80	11	P	H		404	1402	297	3.4702970297
80	11	C	H		156	427	129	2.73717948718
80	12	P	H		296	1190	266	4.02027027027
80	12	C	H		301	896	166	2.97674418605
81	1	P	H		100	188	62	1.88
81	1	C	H		9	16	4	1.77777777778
81	2	P	H		173	369	98	2.13294797688
81	2	C	H		65	72	20	1.10769230769
81	3	P	H		345	867	188	2.51304347826
81	3	C	H		162	228	56	1.40740740741
81	5	P	H		717	2053	340	2.86331938633
81	5	C	H		493	1187	253	2.40770791075
81	6	P	H		698	2276	330	3.26074498567
81	6	C	H		325	817	156	2.51384615385
81	7	P	H		251	964	269	3.8406374502
81	7	C	H		515	1264	247	2.45436893204
81	8	P	H		689	2663	397	3.86502177068
81	8	C	H		654	2089	283	3.19418960245
81	9	P	H		122	486	152	3.98360655738
81	9	C	H		317	1328	223	4.18927444795
81	10	P	H		576	2403	405	4.171875
81	10	C	H		470	1646	334	3.50212765957
81	11	P	H		519	2136	335	4.11560693642
81	11	C	H		323	1004	223	3.10835913313
81	12	P	H		307	1332	278	4.33876221498
81	12	C	H		293	1036	222	3.53583617747
82	1	P	H		752	2989	410	3.97473404255
82	1	C	H		145	151	25	1.04137931034
82	2	P	H		1152	3695	453	3.20746527778
82	2	C	H		157	239	61	1.52229299363
82	3	P	H		1098	3863	474	3.51821493625
82	3	C	H		539	860	172	1.59554730983
82	4	P	H		1302	5558	595	4.2688172043
82	4	C	H		853	1606	212	1.88276670574
82	5	P	H		1011	4258	493	4.21167161227
82	5	C	H		847	2200	265	2.5974025974
82	6	P	H		1309	5120	577	3.91138273491
82	6	C	H		1033	2410	313	2.3330106486
82	7	P	H		726	3309	542	4.55785123967
82	7	C	H		1109	3143	425	2.83408476105
82	8	P	H		707	2694	404	3.81046676096
82	8	C	H		737	2150	342	2.91723202171
82	9	P	H		1223	5476	595	4.47751430908
82	9	C	H		730	2630	372	3.60273972603
82	10	P	H		532	2630	435	4.94360902256
82	10	C	H		432	1519	322	3.5162037037
82	11	P	H		331	2028	462	6.12688821752
82	11	C	H		401	1579	315	3.93765586035
82	12	P	H		1110	6525	783	5.87837837838
82	12	C	H		834	3271	467	3.92206235012
83	1	P	H		929	4144	580	4.46071044133
83	1	C	H		0	0	0	-
83	2	P	H		943	3557	507	3.77200424178
83	2	C	H		7	7	4	1.0
83	3	P	H		726	2805	393	3.86363636364
83	3	C	H		50	58	24	1.16
83	4	P	H		599	2512	388	4.19365609349
83	4	C	H		51	56	24	1.09803921569
83	5	P	H		440	1758	297	3.99545454545
83	5	C	H		213	271	90	1.27230046948
83	6	P	H		638	3003	450	4.70689655172
83	6	C	H		481	790	179	1.64241164241
83	7	P	H		946	4139	483	4.37526427061
83	7	C	H		753	1779	263	2.3625498008
83	8	P	H		624	2709	455	4.34134615385
83	8	C	H		475	1237	239	2.60421052632
83	9	P	H		597	2881	462	4.82579564489
83	9	C	H		551	2012	333	3.65154264973
83	10	P	H		711	3047	431	4.28551336146
83	10	C	H		941	2614	335	2.77789585547
83	11	P	H		808	4610	645	5.70544554455
83	11	C	H		415	1266	287	3.05060240964
83	12	P	H		798	3693	562	4.62781954887
83	12	C	H		928	3208	398	3.45689655172
84	1	P	H		1246	4674	432	3.75120385233
84	1	C	H		34	36	14	1.05882352941
84	2	P	H		823	3579	393	4.34872417983
84	2	C	H		27	28	10	1.03703703704
84	3	P	H		1131	5289	527	4.67639257294
84	3	C	H		104	107	47	1.02884615385
84	4	P	H		900	3742	403	4.15777777778
84	4	C	H		189	213	46	1.12698412698
84	5	P	H		775	3378	439	4.35870967742
84	5	C	H		215	315	99	1.46511627907
84	6	P	H		1062	4822	531	4.54048964218
84	6	C	H		723	1505	179	2.081604426
84	7	P	H		1025	4522	489	4.41170731707
84	7	C	H		559	1453	231	2.59928443649
84	8	P	H		1086	4663	513	4.29373848987
84	8	C	H		703	1808	278	2.57183499289
84	9	P	H		743	3822	470	5.14401076716
84	9	C	H		642	2025	314	3.15420560748
84	10	P	H		631	2768	449	4.38668779715
84	10	C	H		976	3218	386	3.29713114754
84	11	P	H		748	3427	527	4.58155080214
84	11	C	H		823	2512	353	3.05224787363
84	12	P	H		921	4511	547	4.89793702497
84	12	C	H		726	2189	335	3.01515151515
85	1	P	H		1646	7047	675	4.28128797084
85	1	C	H		12	17	6	1.41666666667
85	2	P	H		2014	8474	731	4.20754716981
85	2	C	H		106	145	34	1.3679245283
85	3	P	H		2334	10247	888	4.39031705227
85	3	C	H		343	470	108	1.37026239067
85	4	P	H		1688	6922	621	4.10071090047
85	4	C	H		575	791	152	1.37565217391
85	5	P	H		1398	6207	616	4.43991416309
85	5	C	H		600	919	177	1.53166666667
85	6	P	H		1543	6989	552	4.52948801037
85	6	C	H		737	1286	177	1.74491180461
85	7	P	H		1145	5465	539	4.77292576419
85	7	C	H		545	1077	201	1.97614678899
85	8	P	H		1202	5791	591	4.81780366057
85	8	C	H		545	1288	246	2.36330275229
85	9	P	H		815	3656	441	4.48588957055
85	9	C	H		379	767	169	2.02374670185
85	10	P	H		1249	5776	616	4.62449959968
85	10	C	H		959	2405	364	2.50782064651
85	11	P	H		1240	6087	594	4.90887096774
85	11	C	H		716	1826	315	2.55027932961
85	12	P	H		863	4510	510	5.22595596756
85	12	C	H		726	2502	350	3.44628099174
87	1	P	H		456	1487	249	3.26096491228
87	1	C	H		0	0	0	-
87	2	P	H		556	1492	233	2.68345323741
87	2	C	H		28	31	7	1.10714285714
87	4	P	H		440	1221	241	2.775
87	4	C	H		230	278	48	1.20869565217
87	5	P	H		246	691	178	2.80894308943
87	5	C	H		361	718	151	1.98891966759
87	6	P	H		302	985	221	3.26158940397
87	6	C	H		430	854	135	1.98604651163
87	7	P	H		283	1109	248	3.91872791519
87	7	C	H		396	991	185	2.50252525253
87	8	P	H		296	1096	259	3.7027027027
87	8	C	H		778	1887	241	2.42544987147
87	9	P	H		255	1057	267	4.14509803922
87	9	C	H		627	1782	283	2.84210526316
87	10	P	H		0	0	0	-
87	10	C	H		421	1045	199	2.48218527316
87	11	P	H		363	1350	279	3.71900826446
87	11	C	H		222	694	179	3.12612612613
87	12	P	H		153	594	187	3.88235294118
87	12	C	H		581	1973	320	3.39586919105
88	1	P	H		836	2832	378	3.38755980861
88	1	C	H		29	29	10	1.0
88	2	P	H		545	1729	285	3.17247706422
88	2	C	H		159	182	38	1.14465408805
88	3	P	H		378	1501	271	3.9708994709
88	3	C	H		216	326	65	1.50925925926
88	4	P	H		434	1723	307	3.97004608295
88	4	C	H		672	1143	208	1.70089285714
88	5	P	H		554	2253	403	4.06678700361
88	5	C	H		610	1167	235	1.9131147541
88	6	P	H		597	2586	391	4.33165829146
88	6	C	H		733	1748	300	2.38472032742
88	7	P	H		332	1662	447	5.00602409639
88	7	C	H		817	2341	334	2.86536107711
88	8	P	H		613	2826	410	4.6101141925
88	8	C	H		553	1624	307	2.93670886076
88	9	P	H		351	1462	279	4.16524216524
88	9	C	H		195	632	164	3.24102564103
88	10	P	H		509	2261	375	4.442043222
88	10	C	H		284	748	227	2.6338028169
88	11	P	H		596	2857	469	4.79362416107
88	11	C	H		377	1368	318	3.62864721485
88	12	P	H		456	2232	387	4.89473684211
88	12	C	H		309	1119	249	3.6213592233
89	1	P	H		276	814	153	2.94927536232
89	1	C	H		7	7	3	1.0
89	2	P	H		800	2488	293	3.11
89	2	C	H		117	161	25	1.37606837607
89	3	P	H		432	1337	215	3.09490740741
89	3	C	H		682	1162	121	1.70381231672
89	4	P	H		586	1791	281	3.05631399317
89	4	C	H		863	2062	186	2.38933951333
89	5	P	H		470	1576	292	3.35319148936
89	5	C	H		559	1255	212	2.24508050089
89	6	P	H		327	1221	231	3.73394495413
89	6	C	H		511	1385	235	2.71037181996
89	7	P	H		654	2601	344	3.97706422018
89	7	C	H		563	1470	247	2.61101243339
89	8	P	H		609	2500	330	4.10509031199
89	8	C	H		751	1982	250	2.63914780293
89	9	P	H		562	2508	353	4.46263345196
89	9	C	H		744	2308	284	3.10215053763
89	10	P	H		676	2939	339	4.34763313609
89	10	C	H		800	1823	294	2.27875
89	12	P	H		435	1904	340	4.37701149425
89	12	C	H		634	2018	295	3.18296529968
91	1	P	H		1006	3766	413	3.7435387674
91	1	C	H		34	44	18	1.29411764706
91	2	P	H		1404	5627	526	4.00783475783
91	2	C	H		631	964	84	1.52773375594
91	3	P	H		941	4527	513	4.81083953241
91	3	C	H		768	1775	229	2.31119791667
91	4	P	H		671	3565	497	5.3129657228
91	4	C	H		632	2341	258	3.70411392405
91	5	P	H		909	4743	553	5.21782178218
91	5	C	H		615	2378	270	3.86666666667
91	6	P	H		369	1816	343	4.92140921409
91	6	C	H		454	1619	247	3.56607929515
91	7	P	H		917	4702	623	5.12758996728
91	7	C	H		769	3145	419	4.08972691808
92	1	P	H		1352	4305	466	3.18417159763
92	1	C	H		8	11	6	1.375
92	2	P	H		1694	4617	514	2.72550177096
92	2	C	H		412	492	106	1.19417475728
92	3	P	H		1465	4570	461	3.11945392491
92	3	C	H		428	823	227	1.92289719626
92	4	P	H		1646	5902	607	3.58566221142
92	4	C	H		763	1972	326	2.58453473132
92	5	P	H		1853	7120	674	3.84241770103
92	5	C	H		823	2388	392	2.90157958688
92	6	P	H		2264	8693	827	3.83966431095
92	6	C	H		910	3078	406	3.38241758242
92	7	P	H		2010	8540	643	4.24875621891
92	7	C	H		680	2642	388	3.88529411765
92	8	P	H		1439	5677	622	3.94510076442
92	8	C	H		881	3941	453	4.47332576617
92	9	P	H		1676	5916	619	3.52983293556
92	9	C	H		1031	4114	495	3.99030067895
92	10	P	H		1429	6253	695	4.37578726382
92	10	C	H		1003	4404	595	4.39082751745
92	11	P	H		1661	6158	709	3.7074051776
92	11	C	H		1117	4827	561	4.32139659803
92	12	P	H		1733	6651	719	3.83785343335
92	12	C	H		731	2993	442	4.09439124487
93	1	P	H		1421	6635	573	4.66924700915
93	1	C	H		23	23	8	1.0
93	2	P	H		1297	6355	714	4.89976869699
93	2	C	H		43	43	8	1.0
93	3	P	H		1075	4847	499	4.5088372093
93	3	C	H		467	504	64	1.07922912206
93	4	P	H		697	4398	595	6.30989956958
93	4	C	H		601	995	211	1.65557404326
93	5	P	H		372	1805	336	4.85215053763
93	5	C	H		478	1458	226	3.05020920502
93	6	P	H		578	3058	475	5.29065743945
93	6	C	H		491	1627	267	3.31364562118
93	7	P	H		683	3697	503	5.41288433382
93	7	C	H		649	2847	401	4.38674884438
93	8	P	H		502	2652	445	5.2828685259
93	8	C	H		682	2625	381	3.84897360704
93	9	P	H		848	4567	514	5.38561320755
93	9	C	H		634	2997	396	4.72712933754
93	10	P	H		111	691	215	6.22522522523
93	10	C	H		340	1380	292	4.05882352941
93	11	P	H		635	3701	536	5.82834645669
93	11	C	H		697	2757	411	3.95552367288
93	12	P	H		438	2412	402	5.50684931507
93	12	C	H		819	3297	446	4.02564102564
94	3	P	H		1382	5080	596	3.67583212735
94	3	C	H		740	1288	302	1.74054054054
94	4	P	H		1304	5370	663	4.11809815951
94	4	C	H		801	2078	319	2.59425717853
94	5	P	H		1383	6206	703	4.48734634852
94	5	C	H		489	1339	262	2.73824130879
94	6	P	H		1380	5683	631	4.11811594203
94	6	C	H		779	2535	346	3.2541720154
94	7	P	H		1371	5478	677	3.99562363239
94	7	C	H		671	2366	394	3.5260804769
94	8	P	H		1308	5435	715	4.15519877676
94	8	C	H		677	2246	417	3.31757754801
94	9	P	H		1245	5644	686	4.53333333333
94	9	C	H		593	2007	379	3.3844856661
95	6	P	H		653	2702	350	4.13782542113
95	6	C	H		499	981	265	1.96593186373
95	7	P	H		0	0	0	-
95	7	C	H		360	880	196	2.44444444444
95	8	P	H		734	2547	352	3.47002724796
95	8	C	H		438	1090	216	2.48858447489
95	9	P	H		779	3089	410	3.96534017972
95	9	C	H		668	2007	290	3.00449101796
99	6	P	H		617	2604	391	4.22042139384
99	6	C	H		1115	4227	368	3.79103139013
99	7	P	H		575	2544	411	4.42434782609
99	7	C	H		1031	3455	407	3.35111542192
99	8	P	H		119	550	170	4.6218487395
99	8	C	H		162	531	159	3.27777777778
99	9	P	H		530	1650	311	3.11320754717
99	9	C	H		356	1117	257	3.13764044944
100	1	P	H		1345	3977	321	2.95687732342
100	1	C	H		116	131	23	1.12931034483
100	2	P	H		1450	4720	418	3.25517241379
100	2	C	H		381	458	71	1.20209973753
100	3	P	H		1340	4687	421	3.49776119403
100	3	C	H		634	1044	188	1.64668769716
100	4	P	H		991	4595	435	4.63673057518
100	4	C	H		542	1393	211	2.57011070111
100	5	P	H		836	3299	422	3.9461722488
100	5	C	H		810	2296	285	2.83456790123
100	6	P	H		1167	5245	450	4.49443016281
100	6	C	H		487	1480	241	3.03901437372
100	7	P	H		969	4373	447	4.5128998968
100	7	C	H		851	2912	319	3.42185663925
100	8	P	H		1352	4776	506	3.5325443787
100	8	C	H		878	3258	414	3.71070615034
100	9	P	H		897	3892	396	4.33890746934
100	9	C	H		799	3120	348	3.90488110138
100	10	P	H		1263	5542	485	4.38796516231
100	10	C	H		602	2364	344	3.926910299
100	11	P	H		1276	5430	527	4.25548589342
100	11	C	H		834	3625	417	4.34652278177
100	12	P	H		375	1550	293	4.13333333333
100	12	C	H		780	3084	372	3.95384615385
102	1	P	H		1445	4599	511	3.18269896194
102	1	C	H		1	1	1	1.0
102	2	P	H		1337	4727	460	3.53552729993
102	2	C	H		171	205	22	1.19883040936
102	3	P	H		1307	5111	515	3.91048201989
102	3	C	H		120	139	29	1.15833333333
102	4	P	H		1064	4645	540	4.36560150376
102	4	C	H		284	365	74	1.28521126761
102	5	P	H		1335	6154	513	4.60973782772
102	5	C	H		507	1123	202	2.21499013807
102	6	P	H		1117	5576	510	4.99194270367
102	6	C	H		476	1282	232	2.69327731092
102	7	P	H		1625	6100	603	3.75384615385
102	7	C	H		426	1392	259	3.2676056338
102	8	P	H		1561	6080	579	3.89493914158
102	8	C	H		642	2266	334	3.52959501558
102	9	P	H		1174	5257	453	4.47785349233
102	9	C	H		614	2025	307	3.29804560261
102	10	P	H		1234	6176	534	5.00486223663
102	10	C	H		589	2325	291	3.94736842105
102	11	P	H		1474	7307	677	4.95725915875
102	11	C	H		557	1915	385	3.43806104129
102	12	P	H		1168	5478	523	4.69006849315
102	12	C	H		391	1443	250	3.6905370844
103	1	P	H		1335	4658	555	3.48913857678
103	1	C	H		121	165	49	1.36363636364
103	2	P	H		1287	4895	510	3.80341880342
103	2	C	H		486	563	161	1.15843621399
103	3	P	H		1544	6661	664	4.31411917098
103	3	C	H		563	1079	262	1.91651865009
103	4	P	H		1317	5473	626	4.15565679575
103	4	C	H		875	2484	375	2.83885714286
103	5	P	H		1055	4675	571	4.43127962085
103	5	C	H		668	2412	316	3.61077844311
103	6	P	H		814	3436	531	4.22113022113
103	6	C	H		773	2539	343	3.28460543338
103	7	P	H		791	3757	499	4.74968394437
103	7	C	H		624	2428	402	3.89102564103
103	8	P	H		848	3784	574	4.46226415094
103	8	C	H		506	1958	337	3.86956521739
103	9	P	H		861	3471	545	4.03135888502
103	9	C	H		652	2074	398	3.18098159509
103	10	P	H		801	3789	518	4.73033707865
103	10	C	H		695	3068	457	4.41438848921
103	11	P	H		549	2375	394	4.32604735883
103	11	C	H		312	1053	265	3.375
103	12	P	H		1035	4180	537	4.038647343
103	12	C	H		901	2925	448	3.24639289678
105	1	P	H		1086	4179	439	3.84806629834
105	1	C	H		21	21	5	1.0
105	2	P	H		1261	4567	428	3.62172878668
105	2	C	H		339	340	32	1.00294985251
105	3	P	H		1310	4905	481	3.74427480916
105	3	C	H		468	477	111	1.01923076923
105	4	P	H		1203	5099	522	4.23857024106
105	4	C	H		626	719	158	1.14856230032
105	5	P	H		1487	6577	540	4.42299932751
105	5	C	H		697	1267	166	1.81779053085
105	6	P	H		1064	4382	474	4.11842105263
105	6	C	H		613	1641	210	2.67699836868
105	7	P	H		1110	4545	571	4.09459459459
105	7	C	H		768	1974	276	2.5703125
105	8	P	H		993	5089	596	5.12487411883
105	8	C	H		518	1267	228	2.44594594595
105	9	P	H		805	3475	438	4.31677018634
105	9	C	H		421	1185	215	2.81472684086
105	10	P	H		949	4223	534	4.44994731296
105	10	C	H		652	1752	317	2.68711656442
105	11	P	H		730	3346	455	4.58356164384
105	11	C	H		375	965	247	2.57333333333
105	12	P	H		376	1905	319	5.0664893617
105	12	C	H		603	2172	398	3.60199004975
106	1	P	H		1219	5208	598	4.27235438884
106	1	C	H		40	62	14	1.55
106	2	P	H		1222	4431	538	3.62602291326
106	2	C	H		169	174	31	1.02958579882
106	3	P	H		1363	5212	564	3.82391782832
106	3	C	H		380	464	125	1.22105263158
106	5	P	H		1350	5754	561	4.26222222222
106	5	C	H		535	1188	217	2.22056074766
106	6	P	H		547	2264	368	4.13893967093
106	6	C	H		552	1313	272	2.37862318841
106	7	P	H		1239	4947	553	3.99273607748
106	7	C	H		699	1155	228	1.65236051502
106	8	P	H		790	3451	464	4.36835443038
106	8	C	H		379	859	199	2.26649076517
106	9	P	H		639	2945	416	4.60876369327
106	9	C	H		403	951	184	2.35980148883
106	10	P	H		1064	4684	624	4.4022556391
106	10	C	H		679	1786	343	2.63033873343
106	11	P	H		948	4931	628	5.20147679325
106	11	C	H		674	2028	396	3.00890207715
106	12	P	H		1326	6947	1042	5.23906485671
106	12	C	H		456	1262	282	2.76754385965
107	1	P	H		1052	3336	412	3.1711026616
107	1	C	H		109	165	59	1.51376146789
107	2	P	H		1103	3552	416	3.22030825023
107	2	C	H		310	399	91	1.28709677419
107	3	P	H		689	2681	410	3.89114658926
107	3	C	H		137	188	81	1.37226277372
107	4	P	H		872	3490	362	4.00229357798
107	4	C	H		106	200	87	1.88679245283
107	5	P	H		1542	6850	558	4.44228274968
107	5	C	H		593	1196	274	2.01686340641
107	6	P	H		1241	4949	519	3.98791297341
107	6	C	H		502	969	210	1.93027888446
107	7	P	H		1345	5558	544	4.13234200743
107	7	C	H		557	1800	289	3.2315978456
107	8	P	H		1468	6297	523	4.28950953678
107	8	C	H		681	2639	358	3.8751835536
107	9	P	H		1676	7268	538	4.33651551313
107	9	C	H		677	2061	337	3.04431314623
107	10	P	H		1157	5164	500	4.46326707001
107	10	C	H		501	2015	323	4.02195608782
107	11	P	H		1126	4990	441	4.43161634103
107	11	C	H		388	1399	231	3.60567010309
107	12	P	H		1188	5527	557	4.65235690236
107	12	C	H		602	2711	359	4.50332225914
108	1	P	H		990	3127	422	3.15858585859
108	1	C	H		30	33	9	1.1
108	2	P	H		1245	3650	430	2.93172690763
108	2	C	H		82	86	19	1.0487804878
108	3	P	H		1463	4822	487	3.2959671907
108	3	C	H		611	819	137	1.34042553191
108	4	P	H		1145	3971	514	3.46812227074
108	4	C	H		940	1784	266	1.89787234043
108	5	P	H		1526	6008	740	3.9370904325
108	5	C	H		743	1862	299	2.50605652759
108	6	P	H		1741	7188	820	4.12866168868
108	6	C	H		606	1479	252	2.44059405941
108	7	P	H		1435	5657	702	3.94216027875
108	7	C	H		918	3011	374	3.27995642702
108	8	P	H		1190	5158	766	4.33445378151
108	8	C	H		662	1847	317	2.79003021148
108	9	P	H		1799	7205	796	4.00500277932
108	9	C	H		599	1742	291	2.9081803005
108	10	P	H		951	4264	539	4.48370136698
108	10	C	H		483	1715	310	3.55072463768
108	11	P	H		926	3848	566	4.1555075594
108	11	C	H		767	2816	466	3.67144719687
108	12	P	H		818	3380	518	4.13202933985
108	12	C	H		424	1273	270	3.00235849057
109	1	P	H		958	4161	528	4.34342379958
109	1	C	H		2	4	2	2.0
109	2	P	H		787	2967	439	3.77001270648
109	2	C	H		6	6	3	1.0
109	3	P	H		969	4874	584	5.02992776058
109	3	C	H		3	3	2	1.0
109	4	P	H		418	1376	243	3.29186602871
109	4	C	H		48	57	16	1.1875
109	5	P	H		867	4062	497	4.68512110727
109	5	C	H		319	450	101	1.41065830721
109	6	P	H		671	2820	372	4.20268256334
109	6	C	H		323	521	110	1.61300309598
109	7	P	H		973	4170	403	4.28571428571
109	7	C	H		732	1880	211	2.56830601093
109	8	P	H		952	4607	494	4.83928571429
109	8	C	H		556	1666	233	2.9964028777
109	9	P	H		973	5655	550	5.81192189106
109	9	C	H		923	2940	294	3.18526543879
109	10	P	H		694	4335	554	6.24639769452
109	10	C	H		726	3163	376	4.35674931129
109	11	P	H		557	3101	435	5.56732495512
109	11	C	H		462	1428	293	3.09090909091
109	12	P	H		446	2616	424	5.86547085202
109	12	C	H		526	2291	357	4.35551330798
110	1	P	H		933	2844	333	3.04823151125
110	1	C	H		82	96	15	1.17073170732
110	2	P	H		1056	3269	392	3.09564393939
110	2	C	H		508	526	69	1.03543307087
110	3	P	H		885	3329	393	3.7615819209
110	3	C	H		690	1031	155	1.49420289855
110	4	P	H		900	3207	335	3.56333333333
110	4	C	H		644	1691	186	2.62577639752
115	6	P	H		1333	5772	535	4.33008252063
115	6	C	H		494	846	162	1.71255060729
115	7	P	H		1151	4966	571	4.3145091225
115	7	C	H		499	977	188	1.95791583166
115	8	P	H		0	0	0	-
115	8	C	H		429	1089	197	2.53846153846
115	9	P	H		1279	6107	744	4.77482408131
115	9	C	H		538	1252	192	2.32713754647
116	7	P	H		957	3673	463	3.83803552769
116	7	C	H		541	832	228	1.53789279113
116	8	P	H		1133	4580	505	4.04236540159
116	8	C	H		496	1192	259	2.40322580645
116	9	P	H		365	1468	263	4.02191780822
116	9	C	H		481	1330	223	2.76507276507
117	4	P	H		1003	4493	482	4.47956131605
117	4	C	H		570	665	129	1.16666666667
117	5	P	H		1401	6444	592	4.59957173448
117	5	C	H		476	601	159	1.26260504202
117	6	P	H		1180	6202	616	5.25593220339
117	6	C	H		424	721	159	1.70047169811
117	7	P	H		1074	5138	635	4.78398510242
117	7	C	H		516	1187	217	2.3003875969
117	8	P	H		1002	5150	548	5.13972055888
117	8	C	H		638	1746	274	2.73667711599
117	9	P	H		1230	6566	579	5.33821138211
117	9	C	H		386	1086	200	2.81347150259
117	10	P	H		1127	5341	578	4.73913043478
117	10	C	H		587	1842	293	3.13798977853
117	11	P	H		1152	6050	619	5.25173611111
117	11	C	H		721	2189	338	3.03606102635
117	12	P	H		748	3817	507	5.10294117647
117	12	C	H		734	2428	367	3.30790190736
119	1	P	H		1860	5557	437	2.9876344086
119	1	C	H		7	7	7	1.0
119	2	P	H		1336	4075	428	3.0501497006
119	2	C	H		75	92	14	1.22666666667
119	3	P	H		1641	6183	540	3.76782449726
119	3	C	H		335	357	111	1.06567164179
119	4	P	H		1313	5349	498	4.07387661843
119	4	C	H		540	1016	167	1.88148148148
119	5	P	H		1328	5136	515	3.86746987952
119	5	C	H		702	1390	244	1.98005698006
119	6	P	H		990	4077	459	4.11818181818
119	6	C	H		542	1395	280	2.57380073801
119	7	P	H		1103	5239	619	4.74977334542
119	7	C	H		580	1842	305	3.17586206897
119	8	P	H		935	4119	480	4.40534759358
119	8	C	H		548	1402	271	2.55839416058
119	9	P	H		902	4204	506	4.66075388027
119	9	C	H		731	2303	329	3.15047879617
119	10	P	H		1351	6709	600	4.9659511473
119	10	C	H		535	1902	349	3.55514018692
119	11	P	H		889	4598	597	5.17210348706
119	11	C	H		778	2141	334	2.75192802057
119	12	P	H		1317	6196	642	4.7046317388
119	12	C	H		750	2437	382	3.24933333333
121	4	P	H		927	2743	319	2.95900755124
121	4	C	H		370	453	122	1.22432432432
121	5	P	H		775	2529	289	3.26322580645
121	5	C	H		131	201	69	1.53435114504
121	6	P	H		653	1987	323	3.04287901991
121	6	C	H		176	357	96	2.02840909091
121	7	P	H		869	2890	325	3.32566168009
121	7	C	H		302	570	153	1.88741721854
121	8	P	H		763	2551	331	3.34338138925
121	8	C	H		321	577	161	1.79750778816
121	9	P	H		538	1640	313	3.04832713755
121	9	C	H		322	683	108	2.12111801242
123	1	P	H		828	3119	380	3.76690821256
123	1	C	H		1	1	1	1.0
123	2	P	H		336	1107	197	3.29464285714
123	2	C	H		6	6	4	1.0
123	3	P	H		479	1644	289	3.43215031315
123	3	C	H		150	152	38	1.01333333333
123	4	P	H		679	3100	545	4.56553755523
123	4	C	H		256	306	91	1.1953125
123	5	P	H		541	2566	407	4.74306839187
123	5	C	H		208	462	113	2.22115384615
123	6	P	H		743	2994	383	4.02960969044
123	6	C	H		567	1611	228	2.84126984127
124	1	P	H		1010	3608	424	3.57227722772
124	1	C	H		14	19	4	1.35714285714
124	2	P	H		868	3055	404	3.51958525346
124	2	C	H		12	12	8	1.0
124	3	P	H		1021	3498	370	3.42605288932
124	3	C	H		169	224	60	1.32544378698
124	5	P	H		567	1858	289	3.27689594356
124	5	C	H		121	252	77	2.0826446281
124	6	P	H		373	1445	336	3.87399463807
124	6	C	H		309	876	191	2.83495145631
124	7	P	H		1334	5373	617	4.02773613193
124	7	C	H		246	662	158	2.69105691057
124	8	P	H		335	1338	315	3.99402985075
124	8	C	H		343	918	145	2.67638483965
124	9	P	H		1043	4458	638	4.27420901246
124	9	C	H		324	759	237	2.34259259259
124	10	P	H		344	1304	288	3.79069767442
124	10	C	H		202	584	131	2.89108910891
124	12	P	H		406	1787	345	4.40147783251
124	12	C	H		251	850	216	3.38645418327
125	1	P	H		213	688	237	3.23004694836
125	1	C	H		7	7	5	1.0
125	2	P	H		743	2903	477	3.90713324361
125	2	C	H		146	177	38	1.21232876712
125	3	P	H		44	125	76	2.84090909091
125	3	C	H		253	444	69	1.75494071146
125	4	P	H		1015	5543	901	5.46108374384
125	4	C	H		534	1202	199	2.25093632959
125	5	P	H		854	3024	469	3.54098360656
125	5	C	H		697	1918	241	2.75179340029
125	6	P	H		967	4868	780	5.03412616339
125	6	C	H		757	2596	305	3.42932628798
125	7	P	H		664	2828	487	4.25903614458
125	7	C	H		432	1654	286	3.8287037037
125	8	P	H		1032	4743	689	4.59593023256
125	8	C	H		226	824	231	3.64601769912
125	9	P	H		511	2996	606	5.86301369863
125	9	C	H		274	976	239	3.56204379562
125	10	P	H		264	1234	326	4.67424242424
125	10	C	H		299	1968	346	6.58193979933
125	11	P	H		199	936	271	4.70351758794
125	11	C	H		499	1933	353	3.87374749499
125	12	P	H		241	1004	275	4.16597510373
125	12	C	H		242	874	247	3.61157024793
126	1	P	H		997	3832	391	3.84353059178
126	1	C	H		4	4	1	1.0
126	3	P	H		508	2086	325	4.1062992126
126	3	C	H		109	113	34	1.03669724771
126	4	P	H		966	3942	444	4.08074534161
126	4	C	H		273	360	109	1.31868131868
126	5	P	H		502	2383	407	4.74701195219
126	5	C	H		203	485	128	2.38916256158
126	6	P	H		405	1669	298	4.12098765432
126	6	C	H		297	976	176	3.2861952862
126	7	P	H		588	3018	520	5.13265306122
126	7	C	H		512	1550	285	3.02734375
126	8	P	H		487	1943	323	3.98973305955
126	8	C	H		270	895	220	3.31481481481
127	1	P	H		877	2829	372	3.22576966933
127	1	C	H		312	381	43	1.22115384615
127	2	P	H		564	1964	315	3.48226950355
127	2	C	H		171	205	47	1.19883040936
127	3	P	H		822	3080	464	3.74695863747
127	3	C	H		403	517	153	1.28287841191
127	4	P	H		379	1822	357	4.8073878628
127	4	C	H		479	805	166	1.68058455115
127	5	P	H		828	3385	501	4.08816425121
127	5	C	H		344	618	171	1.79651162791
127	6	P	H		1180	5298	601	4.48983050847
127	6	C	H		364	947	200	2.60164835165
127	7	P	H		994	3978	561	4.00201207243
127	7	C	H		746	1805	335	2.41957104558
127	8	P	H		289	1314	312	4.54671280277
127	8	C	H		614	2086	320	3.39739413681
127	9	P	H		1054	5027	527	4.76944971537
127	9	C	H		331	1134	209	3.42598187311
127	10	P	H		1463	10017	1070	6.84688995215
127	10	C	H		693	2156	367	3.11111111111
127	11	P	H		1487	8101	783	5.44788164089
127	11	C	H		416	1575	259	3.78605769231
127	12	P	H		1682	9763	996	5.80439952438
127	12	C	H		416	1218	265	2.92788461538
129	7	P	H		1307	5721	529	4.37719969396
129	7	C	H		641	1473	263	2.29797191888
129	8	P	H		1701	7785	688	4.57671957672
129	8	C	H		622	1444	270	2.32154340836
129	9	P	H		1495	6754	749	4.51772575251
129	9	C	H		702	2404	365	3.4245014245
132	2	P	H		1167	4496	492	3.85261353899
132	2	C	H		103	107	36	1.03883495146
132	3	P	H		1319	5439	634	4.12357846854
132	3	C	H		171	200	67	1.16959064327
132	4	P	H		1070	5563	633	5.19906542056
132	4	C	H		265	314	92	1.18490566038
132	5	P	H		1262	5795	653	4.59191759113
132	5	C	H		602	714	165	1.18604651163
132	6	P	H		1698	7176	688	4.22614840989
132	6	C	H		835	1408	288	1.68622754491
132	7	P	H		1198	4948	525	4.13021702838
132	7	C	H		646	1761	256	2.72600619195
132	8	P	H		1136	5237	552	4.61003521127
132	8	C	H		532	1275	244	2.39661654135
132	9	P	H		1373	6037	694	4.3969410051
132	9	C	H		711	2557	345	3.59634317862
132	10	P	H		1216	5605	579	4.609375
132	10	C	H		606	1912	306	3.15511551155
132	11	P	H		1238	5229	594	4.22374798061
132	11	C	H		576	1817	294	3.15451388889
132	12	P	H		1040	4499	549	4.32596153846
132	12	C	H		894	3112	383	3.48098434004
133	8	P	H		1252	4901	522	3.91453674121
133	8	C	H		644	1949	274	3.02639751553
133	9	P	H		775	3436	456	4.4335483871
133	9	C	H		297	833	194	2.80471380471
134	4	P	H		1293	5082	519	3.93039443155
134	4	C	H		115	136	51	1.18260869565
134	5	P	H		1154	5378	527	4.66031195841
134	5	C	H		222	382	140	1.72072072072
134	6	P	H		1373	5871	564	4.27603787327
134	6	C	H		520	1621	266	3.11730769231
134	7	P	H		1833	7834	743	4.273867976
134	7	C	H		793	2177	345	2.74527112232
134	8	P	H		1210	5443	560	4.49834710744
134	8	C	H		559	1706	285	3.0518783542
134	9	P	H		587	2630	420	4.4804088586
134	9	C	H		201	550	179	2.73631840796
135	4	P	H		1080	4924	566	4.55925925926
135	4	C	H		492	1014	173	2.06097560976
135	5	P	H		1307	6182	656	4.7299158378
135	5	C	H		721	1529	233	2.12066574202
135	6	P	H		949	4942	626	5.20758693361
135	6	C	H		530	1498	236	2.82641509434
135	7	P	H		1115	5443	656	4.88161434978
135	7	C	H		706	2121	350	3.00424929178
135	8	P	H		1162	5581	691	4.80292598967
135	8	C	H		617	1915	327	3.10372771475
135	9	P	H		1121	5302	587	4.72970561998
135	9	C	H		379	1175	278	3.10026385224
135	10	P	H		1019	5064	684	4.96957801766
135	10	C	H		586	2255	340	3.84812286689
135	11	P	H		895	4650	624	5.19553072626
135	11	C	H		491	2095	306	4.26680244399
135	12	P	H		783	3915	590	5.0
135	12	C	H		373	1384	320	3.71045576408
137	5	P	H		1231	5762	608	4.68074735987
137	5	C	H		456	839	244	1.8399122807
137	6	P	H		1160	5224	535	4.50344827586
137	6	C	H		986	3017	297	3.05983772819
137	7	P	H		1358	6157	673	4.53387334315
137	7	C	H		835	2797	380	3.3497005988
137	8	P	H		1283	6123	648	4.77240841777
137	8	C	H		794	3342	373	4.20906801008
137	9	P	H		890	4042	494	4.54157303371
137	9	C	H		1013	4293	454	4.23790720632
137	12	P	H		869	3796	496	4.36823935558
137	12	C	H		1033	5144	535	4.97967086157
139	7	P	H		1691	7687	578	4.54583086931
139	7	C	H		381	1014	177	2.66141732283
139	8	P	H		1587	6200	544	3.90674228103
139	8	C	H		546	1324	219	2.42490842491
139	9	P	H		1182	4540	427	3.84094754653
139	9	C	H		521	1399	205	2.68522072937
140	1	P	H		2076	8461	618	4.07562620424
140	1	C	H		80	83	29	1.0375
140	2	P	H		1802	7264	592	4.03107658158
140	2	C	H		47	52	13	1.10638297872
140	3	P	H		2243	8520	654	3.79848417298
140	3	C	H		285	338	64	1.18596491228
140	4	P	H		2423	9119	673	3.7635163021
140	4	C	H		474	689	129	1.45358649789
140	5	P	H		2108	9147	753	4.33918406072
140	5	C	H		395	663	164	1.67848101266
140	6	P	H		2408	10096	799	4.1926910299
140	6	C	H		492	973	173	1.97764227642
140	7	P	H		1860	8391	729	4.51129032258
140	7	C	H		465	1105	230	2.37634408602
140	8	P	H		1917	9819	729	5.1220657277
140	8	C	H		447	1074	191	2.40268456376
140	9	P	H		1491	6357	607	4.26358148893
140	9	C	H		413	1153	256	2.79176755448
140	10	P	H		1161	4555	552	3.9233419466
140	10	C	H		631	1670	287	2.64659270998
140	11	P	H		1701	7882	775	4.63374485597
140	11	C	H		407	1329	247	3.26535626536
140	12	P	H		116	529	183	4.56034482759
140	12	C	H		328	879	191	2.67987804878
141	3	P	H		1222	4764	484	3.89852700491
141	3	C	H		505	715	161	1.41584158416
141	4	P	H		868	3830	425	4.41244239631
141	4	C	H		352	631	165	1.79261363636
141	5	P	H		642	2681	353	4.17601246106
141	5	C	H		303	813	156	2.68316831683
141	6	P	H		1071	4470	492	4.17366946779
141	6	C	H		642	2186	327	3.40498442368
141	8	P	H		562	2959	406	5.26512455516
141	8	C	H		357	1258	228	3.52380952381
141	9	P	H		965	4489	471	4.6518134715
141	9	C	H		786	3523	468	4.48218829517
142	1	P	H		1055	3862	540	3.66066350711
142	1	C	H		131	160	25	1.2213740458
142	2	P	H		981	4101	581	4.18042813456
142	2	C	H		253	315	118	1.24505928854
142	3	P	H		962	5134	590	5.3367983368
142	3	C	H		260	590	170	2.26923076923
142	4	P	H		1161	5399	496	4.65030146425
142	4	C	H		270	668	198	2.47407407407
142	6	P	H		841	4296	571	5.10820451843
142	6	C	H		231	641	189	2.77489177489
142	7	P	H		1250	6647	816	5.3176
142	7	C	H		303	997	210	3.2904290429
142	9	P	H		1193	5840	646	4.89522212909
142	9	C	H		757	2388	341	3.15455746367
143	1	P	H		925	3916	438	4.23351351351
143	1	C	H		109	111	32	1.01834862385
143	2	P	H		1180	5631	533	4.77203389831
143	2	C	H		252	300	76	1.19047619048
143	3	P	H		1106	4950	490	4.47558770344
143	3	C	H		344	691	121	2.00872093023
143	4	P	H		823	3959	476	4.81044957473
143	4	C	H		447	1414	200	3.16331096197
143	5	P	H		1053	5230	585	4.96676163343
143	5	C	H		338	1041	196	3.0798816568
143	9	P	H		1015	4642	516	4.57339901478
143	9	C	H		595	1743	281	2.92941176471
144	1	P	H		569	1703	324	2.99297012302
144	1	C	H		3	3	1	1.0
144	2	P	H		225	1022	229	4.54222222222
144	2	C	H		20	20	6	1.0
144	3	P	H		826	3156	399	3.82082324455
144	3	C	H		78	115	31	1.47435897436
144	4	P	H		566	2204	351	3.89399293286
144	4	C	H		145	184	77	1.26896551724
144	5	P	H		1013	4041	455	3.98914116486
144	5	C	H		157	186	82	1.1847133758
144	6	P	H		1195	5092	490	4.26108786611
144	6	C	H		271	320	91	1.18081180812
144	7	P	H		610	2181	328	3.57540983607
144	7	C	H		247	413	115	1.67206477733
144	8	P	H		537	2576	329	4.79702048417
144	8	C	H		250	580	122	2.32
144	9	P	H		847	3809	414	4.49704840614
144	9	C	H		472	1018	194	2.15677966102
144	10	P	H		212	1259	295	5.93867924528
144	10	C	H		483	1328	197	2.74948240166
144	11	P	H		133	711	196	5.34586466165
144	11	C	H		426	977	208	2.29342723005
144	12	P	H		310	1654	301	5.33548387097
144	12	C	H		340	821	214	2.41470588235
147	1	P	H		1416	5140	498	3.62994350282
147	1	C	H		18	18	11	1.0
147	2	P	H		1371	4658	447	3.39752005835
147	2	C	H		196	229	45	1.16836734694
147	3	P	H		795	2754	376	3.4641509434
147	3	C	H		361	463	108	1.28254847645
147	4	P	H		981	4202	486	4.28338430173
147	4	C	H		757	1417	216	1.87186261559
147	5	P	H		1503	5468	536	3.6380572189
147	5	C	H		986	1934	319	1.96146044625
147	6	P	H		1031	4153	512	4.02812803104
147	6	C	H		734	1900	276	2.58855585831
147	7	P	H		1272	5567	615	4.37657232704
147	7	C	H		1001	2724	365	2.72127872128
147	8	P	H		1346	5948	594	4.41901931649
147	8	C	H		787	2824	355	3.58831003812
147	9	P	H		702	3187	415	4.53988603989
147	9	C	H		969	3315	443	3.42105263158
147	10	P	H		1290	5602	655	4.34263565891
147	10	C	H		924	3149	493	3.40800865801
147	11	P	H		258	1393	280	5.3992248062
147	11	C	H		918	3150	452	3.43137254902
147	12	P	H		885	3667	535	4.14350282486
147	12	C	H		840	3043	451	3.62261904762
148	1	P	H		1358	4302	426	3.16789396171
148	1	C	H		6	6	1	1.0
148	2	P	H		1313	4364	437	3.32368621478
148	2	C	H		14	15	3	1.07142857143
148	3	P	H		1188	3858	403	3.24747474747
148	3	C	H		334	433	53	1.29640718563
148	4	P	H		852	3175	367	3.7265258216
148	4	C	H		968	1689	183	1.74483471074
148	5	P	H		1118	4023	435	3.59838998211
148	5	C	H		963	2386	241	2.47767393562
148	6	P	H		1096	4045	492	3.69069343066
148	6	C	H		845	1758	262	2.08047337278
148	7	P	H		986	4076	511	4.13387423935
148	7	C	H		824	2893	309	3.5109223301
148	8	P	H		973	4256	476	4.37410071942
148	8	C	H		771	2773	296	3.59662775616
148	9	P	H		546	2498	393	4.57509157509
148	9	C	H		1163	4035	389	3.46947549441
149	1	P	H		280	702	202	2.50714285714
149	1	C	H		19	19	4	1.0
149	2	P	H		415	962	257	2.31807228916
149	2	C	H		39	56	10	1.4358974359
149	3	P	H		691	1809	301	2.61794500724
149	3	C	H		90	107	23	1.18888888889
149	4	P	H		396	1093	246	2.7601010101
149	4	C	H		65	85	40	1.30769230769
149	5	P	H		460	1313	257	2.85434782609
149	5	C	H		495	897	124	1.81212121212
149	6	P	H		535	1390	287	2.59813084112
149	6	C	H		715	1342	195	1.87692307692
149	7	P	H		540	1874	347	3.47037037037
149	7	C	H		691	1315	153	1.90303907381
149	8	P	H		19	60	41	3.15789473684
149	8	C	H		666	1611	182	2.41891891892
149	9	P	H		343	1410	306	4.11078717201
149	9	C	H		353	1079	210	3.0566572238
149	10	P	H		592	2175	379	3.67398648649
149	10	C	H		724	1973	227	2.72513812155
150	5	P	H		1560	6546	612	4.19615384615
150	5	C	H		921	3314	327	3.59826275787
150	6	P	H		1425	6490	606	4.55438596491
150	6	C	H		618	2232	303	3.61165048544
150	7	P	H		1050	4829	504	4.59904761905
150	7	C	H		851	2807	329	3.29847238543
150	8	P	H		662	2990	444	4.5166163142
150	8	C	H		775	2671	330	3.4464516129
150	9	P	H		1590	7056	752	4.43773584906
150	9	C	H		633	2244	337	3.54502369668
150	12	P	H		616	2711	407	4.40097402597
150	12	C	H		444	1529	271	3.44369369369
151	3	P	H		1285	4597	468	3.57743190661
151	3	C	H		254	286	29	1.12598425197
151	4	P	H		908	3656	481	4.02643171806
151	4	C	H		374	488	132	1.30481283422
151	5	P	H		945	3931	455	4.15978835979
151	5	C	H		639	1459	226	2.28325508607
151	6	P	H		1075	4793	575	4.45860465116
151	6	C	H		578	1764	259	3.05190311419
151	7	P	H		1412	5624	615	3.98300283286
151	7	C	H		431	1188	230	2.75638051044
151	8	P	H		1178	4925	545	4.18081494058
151	8	C	H		401	1147	219	2.86034912718
151	9	P	H		859	4028	478	4.68917345751
151	9	C	H		546	1919	253	3.51465201465
152	1	P	H		1164	6403	760	5.50085910653
152	1	C	H		1	1	1	1.0
152	2	P	H		744	3442	565	4.62634408602
152	2	C	H		4	4	1	1.0
152	3	P	H		499	2276	444	4.56112224449
152	3	C	H		113	126	32	1.11504424779
152	4	P	H		827	3771	613	4.55985489722
152	4	C	H		323	369	64	1.14241486068
152	5	P	H		845	3764	608	4.45443786982
152	5	C	H		417	654	149	1.56834532374
152	6	P	H		1179	6107	773	5.17981340119
152	6	C	H		493	1211	171	2.45638945233
152	7	P	H		700	3918	597	5.59714285714
152	7	C	H		87	258	84	2.96551724138
152	8	P	H		1020	5770	813	5.6568627451
152	8	C	H		396	1378	236	3.4797979798
152	9	P	H		876	5246	743	5.98858447489
152	9	C	H		455	1986	250	4.36483516484
152	10	P	H		334	1653	411	4.94910179641
152	10	C	H		395	1456	208	3.68607594937
152	11	P	H		1029	5952	813	5.78425655977
152	11	C	H		225	723	151	3.21333333333
152	12	P	H		340	1758	399	5.17058823529
152	12	C	H		376	1460	232	3.8829787234
153	1	P	H		1105	4362	448	3.94751131222
153	1	C	H		10	16	4	1.6
153	2	P	H		970	3832	462	3.95051546392
153	2	C	H		78	89	16	1.14102564103
153	3	P	H		1095	4079	487	3.72511415525
153	3	C	H		121	144	11	1.19008264463
153	5	P	H		1420	4988	468	3.51267605634
153	5	C	H		502	556	48	1.10756972112
153	6	P	H		1470	5535	558	3.76530612245
153	6	C	H		816	1555	137	1.9056372549
153	7	P	H		1483	6826	587	4.6028320971
153	7	C	H		751	1666	197	2.21837549933
153	8	P	H		1229	5938	577	4.83157038242
153	8	C	H		1014	3164	296	3.12031558185
153	9	P	H		766	3605	521	4.70626631854
153	9	C	H		770	2964	346	3.84935064935
156	3	P	H		491	1419	221	2.8900203666
156	3	C	H		201	218	62	1.08457711443
156	4	P	H		1201	3800	439	3.16402997502
156	4	C	H		732	995	189	1.35928961749
156	5	P	H		951	3194	457	3.35856992639
156	5	C	H		807	1625	280	2.0136307311
156	6	P	H		1304	4784	565	3.66871165644
156	6	C	H		752	1911	220	2.54122340426
156	7	P	H		1044	4609	517	4.41475095785
156	7	C	H		712	1879	250	2.63904494382
156	8	P	H		713	3034	431	4.25525946704
156	8	C	H		688	2236	279	3.25
156	9	P	H		1377	5544	601	4.02614379085
156	9	C	H		851	2409	336	2.83078730905
157	2	P	H		217	893	232	4.11520737327
157	2	C	H		92	97	29	1.05434782609
157	3	P	H		655	3061	477	4.67328244275
157	3	C	H		399	602	134	1.50877192982
157	4	P	H		1211	5534	593	4.56977704377
157	4	C	H		514	1257	264	2.44552529183
157	5	P	H		1725	7628	687	4.42202898551
157	5	C	H		559	1473	220	2.63506261181
157	6	P	H		0	0	0	-
157	6	C	H		505	1368	267	2.70891089109
157	7	P	H		402	1862	378	4.63184079602
157	7	C	H		599	2360	348	3.93989983306
157	8	P	H		434	2212	413	5.09677419355
157	8	C	H		522	2238	370	4.28735632184
157	9	P	H		558	3396	507	6.08602150538
157	9	C	H		388	1710	300	4.40721649485
157	10	P	H		858	4654	599	5.42424242424
157	10	C	H		482	2227	357	4.62033195021
157	11	P	H		1263	6920	854	5.47901821061
157	11	C	H		745	2739	486	3.67651006711
158	2	P	H		1067	4222	535	3.95688847235
158	2	C	H		277	525	114	1.89530685921
158	3	P	H		827	3855	579	4.66142684401
158	3	C	H		218	676	145	3.10091743119
158	4	P	H		834	3800	586	4.55635491607
158	4	C	H		23	105	45	4.5652173913
158	5	P	H		904	3734	496	4.13053097345
158	5	C	H		122	497	121	4.0737704918
158	7	P	H		1144	5670	682	4.95629370629
158	7	C	H		381	1672	259	4.38845144357
158	8	P	H		861	4709	674	5.46922183508
158	8	C	H		156	972	180	6.23076923077
158	9	P	H		788	3588	524	4.55329949239
158	9	C	H		318	1223	255	3.84591194969
158	10	P	H		1342	5916	687	4.40834575261
158	10	C	H		361	1545	274	4.27977839335
159	1	P	H		929	3269	416	3.51883745963
159	1	C	H		172	249	33	1.4476744186
159	2	P	H		979	3491	366	3.56588355465
159	2	C	H		297	388	66	1.3063973064
159	3	P	H		1451	5644	522	3.88973121985
159	3	C	H		373	559	144	1.49865951743
159	4	P	H		1273	5117	543	4.01963864886
159	4	C	H		332	601	163	1.81024096386
159	5	P	H		790	3325	442	4.20886075949
159	5	C	H		521	1435	236	2.75431861804
159	6	P	H		1487	6654	663	4.47478143914
159	6	C	H		544	1704	295	3.13235294118
159	7	P	H		1189	4903	574	4.1236333053
159	7	C	H		396	1128	219	2.84848484848
159	8	P	H		1237	6248	736	5.05092966855
159	8	C	H		398	1493	288	3.75125628141
159	9	P	H		1019	4774	521	4.68498527969
159	9	C	H		460	1820	257	3.95652173913
160	3	P	H		1129	3722	485	3.29672276351
160	3	C	H		780	1172	171	1.50256410256
160	4	P	H		580	2109	348	3.63620689655
160	4	C	H		675	1591	250	2.35703703704
160	5	P	H		929	3949	532	4.2508073197
160	5	C	H		861	2589	357	3.00696864111
160	6	P	H		374	1463	284	3.91176470588
160	6	C	H		691	1924	306	2.78437047757
160	7	P	H		438	1719	303	3.92465753425
160	7	C	H		437	1287	204	2.94508009153
160	8	P	H		656	2531	386	3.85823170732
160	8	C	H		630	2032	303	3.2253968254
160	9	P	H		495	2037	368	4.11515151515
160	9	C	H		462	1492	282	3.22943722944
162	1	P	H		1465	5299	398	3.61706484642
162	1	C	H		87	88	8	1.01149425287
162	2	P	H		1184	5165	507	4.36233108108
162	2	C	H		40	41	16	1.025
162	4	P	H		1635	5593	501	3.42079510703
162	4	C	H		1008	1359	194	1.34821428571
162	5	P	H		838	3602	475	4.29832935561
162	5	C	H		905	2340	229	2.58563535912
162	6	P	H		919	3914	511	4.25897714908
162	6	C	H		864	2268	282	2.625
162	7	P	H		994	4069	552	4.09356136821
162	7	C	H		654	1466	252	2.24159021407
162	8	P	H		1634	5812	579	3.55691554468
162	8	C	H		1038	2970	363	2.8612716763
163	2	P	H		1261	4795	434	3.80253766852
163	2	C	H		26	42	7	1.61538461538
163	3	P	H		1641	6488	565	3.95368677636
163	3	C	H		81	98	35	1.20987654321
163	4	P	H		1801	6456	514	3.58467518046
163	4	C	H		497	543	97	1.09255533199
163	5	P	H		1580	6042	494	3.82405063291
163	5	C	H		650	741	94	1.14
163	6	P	H		1606	6282	581	3.91158156912
163	6	C	H		368	473	137	1.28532608696
163	7	P	H		1880	7201	608	3.83031914894
163	7	C	H		540	904	180	1.67407407407
163	8	P	H		2142	8356	615	3.9010270775
163	8	C	H		670	1382	198	2.06268656716
163	9	P	H		1479	6072	500	4.10547667343
163	9	C	H		743	2188	245	2.94481830417
164	1	P	H		415	1848	320	4.45301204819
164	1	C	H		17	20	6	1.17647058824
164	2	P	H		230	928	218	4.0347826087
164	2	C	H		21	23	3	1.09523809524
164	3	P	H		449	1753	258	3.90423162584
164	3	C	H		53	55	9	1.03773584906
164	4	P	H		392	1706	268	4.35204081633
164	4	C	H		187	210	29	1.12299465241
164	5	P	H		52	257	91	4.94230769231
164	5	C	H		285	294	34	1.03157894737
164	6	P	H		252	1132	246	4.49206349206
164	6	C	H		675	984	91	1.45777777778
164	7	P	H		371	1407	236	3.79245283019
164	7	C	H		836	1434	133	1.71531100478
164	8	P	H		335	1348	237	4.02388059701
164	8	C	H		644	1074	87	1.66770186335
164	9	P	H		1008	4693	410	4.65575396825
164	9	C	H		911	1760	190	1.93194291987
164	10	P	H		303	1584	328	5.22772277228
164	10	C	H		711	1661	164	2.33614627286
166	1	P	H		1601	5492	462	3.43035602748
166	1	C	H		0	0	0	-
166	2	P	H		1479	5291	521	3.57741717377
166	2	C	H		191	228	31	1.19371727749
166	3	P	H		1286	5271	611	4.09875583204
166	3	C	H		382	545	151	1.42670157068
166	4	P	H		1336	5555	584	4.15793413174
166	4	C	H		429	778	174	1.81351981352
166	5	P	H		1251	5172	626	4.13429256595
166	5	C	H		645	1776	284	2.75348837209
166	6	P	H		1365	6347	713	4.64981684982
166	6	C	H		615	1599	296	2.6
166	7	P	H		1257	4997	653	3.9753381066
166	7	C	H		670	2633	389	3.92985074627
166	8	P	H		1410	5922	677	4.2
166	8	C	H		739	2693	459	3.64411366712
166	9	P	H		1253	5239	646	4.18116520351
166	9	C	H		554	2025	382	3.65523465704
166	10	P	H		1167	4711	695	4.03684661525
166	10	C	H		652	2242	460	3.43865030675
166	11	P	H		1179	5107	678	4.33163698049
166	11	C	H		546	1764	367	3.23076923077
166	12	P	H		1051	4309	641	4.09990485252
166	12	C	H		726	2577	430	3.54958677686
167	4	P	H		1696	5003	510	2.94988207547
167	4	C	H		607	658	79	1.08401976936
167	5	P	H		1152	4246	512	3.68576388889
167	5	C	H		442	558	120	1.26244343891
167	6	P	H		1318	4761	482	3.61229135053
167	6	C	H		821	1111	217	1.35322777101
167	8	P	H		1045	4276	565	4.09186602871
167	8	C	H		590	1819	300	3.08305084746
168	2	P	H		601	2168	355	3.60732113145
168	2	C	H		0	0	0	-
168	3	P	H		640	2435	394	3.8046875
168	3	C	H		3	7	3	2.33333333333
168	4	P	H		803	2993	390	3.72727272727
168	4	C	H		7	8	5	1.14285714286
168	5	P	H		1077	3886	452	3.60817084494
168	5	C	H		106	130	18	1.22641509434
168	6	P	H		1156	4009	455	3.46799307958
168	6	C	H		360	469	65	1.30277777778
168	8	P	H		705	2926	425	4.15035460993
168	8	C	H		165	228	86	1.38181818182
168	9	P	H		344	1448	299	4.20930232558
168	9	C	H		206	373	94	1.81067961165
170	2	P	H		1233	5318	516	4.31305758313
170	2	C	H		81	103	21	1.27160493827
170	3	P	H		903	3780	459	4.18604651163
170	3	C	H		375	618	176	1.648
170	4	P	H		1021	5535	524	5.42115572968
170	4	C	H		540	1183	252	2.19074074074
170	5	P	H		770	3995	452	5.18831168831
170	5	C	H		927	2588	320	2.79180151025
170	6	P	H		605	2989	404	4.94049586777
170	6	C	H		689	1729	315	2.50943396226
170	7	P	H		824	4055	449	4.92111650485
170	7	C	H		736	2537	387	3.44701086957
170	8	P	H		785	3644	530	4.64203821656
170	8	C	H		1016	3971	509	3.90846456693
170	9	P	H		902	4327	611	4.79711751663
170	9	C	H		1166	5675	615	4.86706689537
171	1	P	H		1282	5506	619	4.29485179407
171	1	C	H		0	0	0	-
171	2	P	H		1156	4923	605	4.25865051903
171	2	C	H		13	19	6	1.46153846154
171	3	P	H		1149	5012	640	4.36205395997
171	3	C	H		83	104	26	1.25301204819
171	4	P	H		756	3203	467	4.23677248677
171	4	C	H		212	284	42	1.33962264151
171	5	P	H		1047	5307	718	5.06876790831
171	5	C	H		146	203	76	1.3904109589
171	6	P	H		1044	4692	592	4.49425287356
171	6	C	H		629	1029	164	1.63593004769
171	7	P	H		1174	5744	716	4.8926746167
171	7	C	H		396	691	176	1.74494949495
171	8	P	H		1326	6281	691	4.73680241327
171	8	C	H		355	743	175	2.09295774648
171	9	P	H		1064	5102	640	4.79511278195
171	9	C	H		541	1402	283	2.59149722736
172	3	P	H		2010	7671	491	3.81641791045
172	3	C	H		467	623	145	1.33404710921
172	4	P	H		1237	4369	428	3.53193209378
172	4	C	H		560	830	197	1.48214285714
172	5	P	H		1710	6956	568	4.06783625731
172	5	C	H		575	1344	228	2.33739130435
172	6	P	H		1437	6444	520	4.48434237996
172	6	C	H		808	3226	270	3.99257425743
172	7	P	H		1330	5960	647	4.48120300752
172	7	C	H		670	2187	325	3.26417910448
172	8	P	H		1495	6894	541	4.61137123746
172	8	C	H		973	3762	378	3.86639260021
172	9	P	H		1193	5261	583	4.40989103101
172	9	C	H		978	4471	429	4.57157464213
