Subject	Session	Speaker	all	another	any	both	few	many	more	most	much	only	several	some
22	1	C	0	0	0	0	0	0	0	0	0	0	0	0
22	1	P	4	2	0	2	1	3	5	0	1	1	0	3
22	2	C	0	0	0	0	0	0	0	0	0	0	0	0
22	2	P	6	0	1	1	0	2	1	0	5	1	0	0
22	3	C	3	0	0	0	0	0	5	0	0	0	0	0
22	3	P	8	3	0	0	0	1	10	0	0	0	0	1
22	4	C	1	1	0	0	0	0	1	0	0	0	0	1
22	4	P	6	5	2	1	0	6	6	0	1	2	0	6
22	5	C	2	0	0	0	0	0	2	0	0	6	0	3
22	5	P	13	6	3	2	4	2	9	0	0	1	0	11
22	6	C	2	6	0	1	3	4	16	0	0	5	0	8
22	6	P	26	9	6	1	1	6	15	1	1	1	0	7
22	7	C	14	2	4	0	0	0	1	0	1	0	0	0
22	7	P	22	0	6	1	0	3	6	1	1	1	0	10
24	1	C	0	0	0	0	0	0	0	0	0	0	0	0
24	1	P	13	10	2	0	0	2	6	0	2	1	0	9
24	2	C	2	0	0	0	0	0	0	0	0	0	0	0
24	2	P	14	3	0	0	0	4	4	0	1	2	0	9
24	3	C	2	0	0	0	0	0	0	0	0	0	0	0
24	3	P	13	7	2	2	0	6	7	1	1	1	0	4
24	4	C	1	0	0	0	0	0	1	0	0	0	0	0
24	4	P	9	6	1	0	0	2	1	0	0	0	0	4
24	5	C	10	4	0	0	0	0	1	0	0	0	0	12
24	5	P	17	9	1	0	0	1	5	0	0	0	0	15
24	6	C	20	2	5	0	0	0	6	0	0	2	0	5
24	6	P	12	3	1	0	0	0	9	0	1	1	0	11
24	7	C	11	2	1	0	0	0	4	0	0	0	0	1
24	7	P	24	6	6	1	0	7	17	0	0	1	0	16
25	1	C	0	0	0	0	0	0	0	0	0	0	0	0
25	1	P	6	3	1	0	1	0	6	0	4	0	0	8
25	2	C	0	0	0	0	0	0	0	0	0	0	0	0
25	2	P	27	3	1	0	0	0	14	0	2	1	0	12
25	3	C	0	0	0	0	0	0	0	0	0	0	0	0
25	3	P	26	10	1	2	3	2	3	1	0	7	0	9
25	4	C	22	0	0	0	0	0	6	0	0	0	0	0
25	4	P	24	3	5	0	0	0	23	0	1	2	0	9
25	5	C	4	1	0	0	0	0	9	0	0	0	0	0
25	5	P	8	3	1	0	0	0	9	0	2	0	0	7
25	6	C	3	3	0	0	0	0	13	0	0	0	0	1
25	6	P	14	6	0	1	0	0	7	0	1	0	0	1
25	7	C	11	11	0	0	0	0	5	0	0	0	0	3
25	7	P	41	6	4	1	0	0	9	0	2	2	0	5
27	1	C	0	0	0	0	0	0	0	0	0	0	0	0
27	1	P	24	10	0	1	2	0	17	0	1	2	0	45
27	2	C	0	0	0	0	0	0	0	0	0	0	0	0
27	2	P	37	16	11	1	5	3	39	0	1	3	0	69
27	3	C	0	0	0	0	0	0	0	0	0	0	0	0
27	3	P	19	9	0	0	0	1	19	0	2	0	0	42
27	4	C	0	0	0	0	0	0	20	0	0	0	0	0
27	4	P	53	0	4	5	0	0	24	0	1	1	0	33
27	5	C	6	0	0	0	2	0	18	0	0	0	0	3
27	5	P	38	9	7	0	6	2	47	1	1	0	0	50
27	6	C	12	2	0	0	0	0	26	0	2	0	0	0
27	6	P	44	9	3	4	6	1	31	1	1	5	0	44
27	7	C	11	7	4	1	0	0	17	0	0	1	0	9
27	7	P	34	5	7	3	1	8	42	0	5	2	0	47
28	1	C	0	0	0	0	0	0	0	0	0	0	0	0
28	1	P	16	0	2	0	5	1	15	0	1	1	0	15
28	2	C	1	0	0	0	0	0	0	0	0	0	0	0
28	2	P	73	3	5	0	0	0	15	0	2	2	0	26
28	3	C	0	0	0	0	0	0	0	0	0	0	0	0
28	3	P	37	1	2	1	0	1	7	0	2	1	0	21
28	4	C	0	0	0	0	0	0	0	0	0	0	0	0
28	4	P	28	1	2	1	0	0	3	0	0	0	0	28
28	5	C	3	0	0	0	0	0	4	0	0	0	0	0
28	5	P	22	1	2	0	4	2	5	0	2	2	0	13
28	6	C	5	0	0	3	0	0	5	0	0	0	0	1
28	6	P	16	2	2	0	0	0	4	0	2	0	0	10
28	7	C	11	0	0	0	0	0	6	0	1	0	0	1
28	7	P	22	5	3	0	0	0	7	0	3	1	0	10
29	1	C	0	0	0	0	0	0	0	0	0	0	0	0
29	1	P	13	4	1	1	0	1	2	0	1	0	0	23
29	2	C	4	0	0	0	0	0	4	0	0	0	0	0
29	2	P	20	2	0	0	0	1	16	0	0	0	0	23
29	3	C	12	1	0	0	0	1	42	0	0	0	0	0
29	3	P	13	5	9	0	0	3	16	0	0	2	0	18
29	4	C	4	4	0	0	0	0	3	0	0	0	0	5
29	4	P	13	4	13	0	0	6	8	0	0	0	0	32
29	5	C	11	3	1	0	0	0	2	0	0	0	0	5
29	5	P	15	1	11	0	0	7	5	0	1	1	0	13
29	6	C	4	2	0	0	0	0	5	0	0	0	0	11
29	6	P	6	3	7	2	0	8	6	0	6	5	0	13
29	7	C	5	3	0	2	0	5	3	0	1	2	0	12
29	7	P	8	3	1	0	0	19	5	1	2	1	0	17
33	1	C	0	0	0	0	0	0	0	0	0	0	0	0
33	1	P	9	1	0	0	0	0	5	0	0	0	0	31
33	2	C	0	0	0	0	0	0	1	0	0	0	0	0
33	2	P	13	0	0	2	0	0	4	0	2	1	0	25
33	3	C	2	0	0	0	0	0	3	0	0	0	0	0
33	3	P	10	3	0	0	0	0	5	0	1	0	0	13
33	4	C	2	0	0	0	0	0	1	0	0	0	0	0
33	4	P	8	1	1	0	1	0	11	0	0	0	0	28
33	5	C	5	0	0	0	0	0	10	0	0	0	0	11
33	5	P	13	3	0	0	0	0	5	0	0	1	0	22
33	6	C	0	0	0	0	0	0	5	0	0	0	0	5
33	6	P	11	2	1	3	0	2	3	0	0	0	0	16
33	7	C	1	1	0	0	0	3	6	0	1	0	0	12
33	7	P	13	1	0	0	0	0	10	0	3	2	0	23
37	1	C	0	0	0	0	0	0	0	0	0	0	0	0
37	1	P	14	3	1	0	0	1	14	0	0	0	0	6
37	2	C	0	0	0	0	0	0	0	0	0	0	0	0
37	2	P	13	2	2	0	0	2	2	0	1	4	0	2
37	3	C	2	0	0	0	0	0	3	0	0	0	0	0
37	3	P	8	1	0	2	0	1	22	0	1	0	0	10
37	4	C	5	0	0	0	0	0	4	0	0	0	0	3
37	4	P	4	0	0	0	0	0	0	0	0	0	0	1
37	5	C	1	0	0	0	0	0	0	0	0	0	0	0
37	5	P	9	0	1	0	0	0	7	0	0	0	0	3
37	6	C	2	0	0	0	0	0	0	0	0	0	0	14
37	6	P	7	0	1	0	0	0	13	0	0	0	0	17
37	7	C	6	2	0	1	0	0	4	0	0	1	0	7
37	7	P	27	4	2	2	0	2	11	1	2	7	0	5
38	1	C	0	0	0	0	0	0	0	0	0	0	0	0
38	1	P	13	1	2	1	0	0	7	0	1	0	0	43
38	2	C	1	0	0	0	0	0	11	0	0	0	0	0
38	2	P	20	1	3	0	0	0	14	1	1	1	0	29
38	3	C	10	2	0	0	0	0	10	0	0	0	0	0
38	3	P	21	3	2	1	0	1	16	0	0	0	0	22
38	4	C	26	0	0	0	0	0	11	0	0	0	0	9
38	4	P	9	0	1	0	0	4	8	0	1	0	0	13
38	5	C	4	0	1	1	0	0	4	0	1	0	0	15
38	5	P	7	2	2	1	0	3	7	0	0	0	0	15
38	6	C	7	5	0	0	0	0	0	0	0	0	0	8
38	6	P	10	3	2	0	0	0	9	0	1	0	0	11
38	7	C	1	3	1	1	0	0	3	0	0	0	0	4
38	7	P	1	2	2	1	0	3	2	0	1	1	0	8
39	1	C	0	0	0	0	0	0	0	0	0	0	0	0
39	1	P	7	0	4	3	1	0	8	0	1	0	0	42
39	2	C	0	0	0	0	0	0	6	0	0	0	0	0
39	2	P	13	1	5	0	0	0	1	0	1	2	0	7
39	3	C	0	0	0	0	0	0	1	0	0	0	0	0
39	3	P	1	4	0	0	1	0	3	0	3	0	0	12
39	4	C	6	0	2	0	0	0	26	0	0	0	0	4
39	4	P	13	0	3	0	3	0	15	0	0	0	0	17
39	5	C	0	0	0	0	0	0	0	0	0	0	0	6
39	5	P	2	1	5	0	0	0	3	0	1	0	0	6
39	6	C	6	1	0	0	0	0	6	0	0	0	0	15
39	6	P	6	1	3	1	2	0	6	0	0	0	0	14
39	7	C	7	5	0	0	0	0	3	0	0	0	0	9
39	7	P	14	6	1	0	0	1	8	0	2	0	0	15
40	1	C	2	0	0	0	0	0	0	0	0	0	0	0
40	1	P	13	0	3	0	0	0	16	0	1	2	0	6
40	2	C	0	0	0	0	0	0	0	0	0	0	0	0
40	2	P	11	1	0	0	0	4	6	0	0	2	0	6
40	3	C	3	0	0	0	0	0	3	0	0	0	0	0
40	3	P	19	1	1	1	0	0	4	1	0	0	0	7
40	4	C	3	3	0	0	0	0	6	0	0	0	0	8
40	4	P	27	27	6	0	0	4	22	0	0	0	0	12
40	5	C	3	0	1	2	0	0	12	0	0	0	0	2
40	5	P	4	2	2	0	0	0	3	0	1	0	0	3
40	6	C	5	2	1	0	0	0	2	0	0	2	0	2
40	6	P	5	0	1	0	0	0	2	0	0	1	0	2
40	7	C	8	3	0	0	0	0	1	0	1	1	0	2
40	7	P	16	3	2	0	1	5	4	0	4	1	0	5
42	1	C	0	0	0	0	0	0	0	0	0	0	0	0
42	1	P	7	1	0	0	0	0	2	0	0	0	0	3
42	2	C	0	0	0	0	0	0	0	0	0	0	0	0
42	2	P	25	1	1	0	0	0	17	0	0	0	0	4
42	3	C	0	0	0	0	0	0	0	0	0	0	0	0
42	3	P	11	2	1	2	0	1	10	0	2	3	0	7
42	4	C	3	3	0	0	0	0	3	0	0	0	0	0
42	4	P	28	3	0	1	0	1	4	0	2	2	0	5
42	5	C	4	2	0	0	0	0	0	0	0	0	0	1
42	5	P	13	4	0	1	0	1	2	0	1	1	0	3
42	6	C	1	4	0	0	0	0	1	0	0	0	0	0
42	6	P	4	6	1	1	0	1	2	0	0	2	0	4
42	7	C	8	1	1	0	0	0	3	0	1	2	0	0
42	7	P	14	1	0	0	0	0	4	0	1	1	0	7
43	1	C	15	0	0	0	0	0	0	0	0	0	0	0
43	1	P	8	6	2	0	2	0	2	0	1	0	0	9
43	2	C	0	0	0	0	0	0	1	0	0	0	0	0
43	2	P	11	8	2	0	0	0	4	0	1	0	0	12
43	3	C	9	0	0	0	0	0	2	0	0	0	0	0
43	3	P	17	2	1	2	1	1	8	0	0	0	0	5
43	4	C	3	2	1	0	0	1	0	0	0	1	0	0
43	4	P	16	9	3	2	0	3	9	0	1	3	0	17
43	5	C	2	0	0	0	0	0	11	0	0	0	0	6
43	5	P	11	5	5	0	0	0	6	0	3	1	0	10
43	6	C	10	4	0	1	0	0	2	0	2	0	0	8
43	6	P	16	12	1	0	2	1	6	0	4	2	0	15
43	7	C	1	0	0	0	0	0	0	0	0	0	0	1
43	7	P	10	1	2	1	2	6	4	0	0	0	0	8
44	1	C	0	0	0	0	0	0	0	0	0	0	0	0
44	1	P	17	3	1	0	0	0	0	0	1	2	0	6
44	2	C	0	0	0	0	0	0	0	0	0	0	0	0
44	2	P	2	0	0	0	0	0	3	0	0	1	0	8
44	3	C	7	0	0	0	0	0	4	0	0	0	0	0
44	3	P	11	0	0	0	0	0	3	0	0	0	0	6
44	4	C	0	0	0	0	0	0	2	0	0	0	0	3
44	4	P	6	0	1	2	0	0	4	0	0	0	0	5
44	5	C	4	1	0	0	0	0	4	0	0	0	0	12
44	5	P	8	3	0	0	1	0	5	0	2	0	0	14
44	6	C	2	0	0	0	0	0	2	0	0	0	0	2
44	6	P	2	0	0	0	0	0	0	0	0	0	0	0
44	7	C	6	1	1	0	0	0	2	0	0	0	0	6
44	7	P	17	2	0	0	0	0	2	0	0	0	0	11
45	1	C	0	0	0	0	0	0	0	0	0	0	0	0
45	1	P	9	2	0	0	0	0	10	0	0	0	0	3
45	2	C	1	0	0	0	0	0	8	0	0	0	0	0
45	2	P	11	1	2	0	2	0	17	0	1	0	0	18
45	3	C	18	0	0	0	0	0	10	0	0	0	0	0
45	3	P	13	1	3	0	4	0	7	0	0	2	0	9
45	4	C	7	6	0	0	0	0	1	0	0	0	0	4
45	4	P	5	5	1	1	0	2	4	1	1	0	0	9
45	5	C	14	6	0	0	0	0	4	0	0	0	0	8
45	5	P	9	3	1	0	2	1	2	0	1	0	0	7
45	6	C	36	3	0	0	0	2	9	0	0	0	0	2
45	6	P	11	2	0	0	0	0	2	0	1	1	0	10
45	7	C	31	7	4	1	1	2	17	0	1	3	0	17
45	7	P	12	1	3	0	5	3	10	1	2	3	0	9
47	1	C	4	0	0	0	0	0	0	0	0	0	0	0
47	1	P	25	1	0	0	0	0	16	0	6	1	0	16
47	2	C	2	0	0	0	0	0	0	0	0	0	0	0
47	2	P	17	0	2	0	0	0	23	0	0	0	0	10
47	3	C	0	0	0	0	0	0	0	0	0	0	0	0
47	3	P	17	5	0	1	0	0	16	0	5	2	0	12
47	4	C	18	1	0	1	0	0	1	0	0	0	0	2
47	4	P	24	13	5	3	1	3	8	1	3	1	0	24
47	5	C	4	0	0	0	0	0	17	0	0	0	0	0
47	5	P	15	4	1	0	0	2	14	0	4	2	0	21
47	6	C	7	1	0	0	0	0	13	0	0	0	0	0
47	6	P	25	0	3	1	1	0	8	0	3	2	0	17
47	7	C	6	5	1	0	0	0	1	0	1	1	0	2
47	7	P	12	3	0	0	0	0	1	0	2	4	0	9
48	1	C	0	0	0	0	0	0	0	0	0	0	0	0
48	1	P	8	5	1	0	0	2	24	0	3	0	0	26
48	2	C	0	0	0	0	0	0	0	0	0	0	0	0
48	2	P	17	7	0	0	1	1	9	0	0	0	0	10
48	3	C	0	0	0	0	0	0	0	0	0	0	0	0
48	3	P	13	1	0	0	2	0	14	1	0	0	0	7
48	4	C	0	0	0	0	0	0	1	0	0	0	0	0
48	4	P	13	7	3	0	0	2	9	0	1	0	0	2
48	5	C	2	0	0	0	0	0	17	0	0	0	0	0
48	5	P	15	5	2	0	0	1	33	0	0	0	0	24
48	6	C	4	5	0	1	0	0	25	0	0	0	0	24
48	6	P	18	5	5	1	0	0	25	0	4	1	0	22
48	7	C	8	3	3	3	0	0	9	0	0	0	0	3
48	7	P	40	2	2	2	0	2	13	0	3	12	0	10
49	1	C	0	0	0	0	0	0	0	0	0	0	0	0
49	1	P	17	3	0	1	0	1	14	0	3	0	0	19
49	2	C	0	0	0	0	0	0	0	0	0	0	0	0
49	2	P	18	3	0	0	0	0	3	0	2	2	0	10
49	3	C	0	0	0	0	0	0	0	0	0	0	0	0
49	3	P	13	3	0	1	0	0	3	0	1	0	0	5
49	4	C	3	0	0	0	0	0	1	0	0	0	0	0
49	4	P	11	5	1	1	0	1	4	0	1	3	0	20
49	5	C	0	0	0	0	0	0	0	0	0	0	0	0
49	5	P	17	7	2	4	0	0	9	0	4	2	0	26
49	6	C	9	0	0	0	0	0	3	0	0	0	0	3
49	6	P	46	9	3	0	0	1	11	0	3	2	0	19
49	7	C	6	2	0	0	0	0	7	0	0	0	0	4
49	7	P	18	2	2	0	0	7	22	0	4	2	0	14
50	1	C	0	0	0	0	0	0	0	0	0	0	0	0
50	1	P	23	3	0	0	2	0	23	1	4	1	0	8
50	2	C	0	0	0	0	0	0	2	0	0	0	0	0
50	2	P	17	3	3	0	0	1	6	0	1	5	0	14
50	3	C	0	0	0	0	0	0	15	0	0	0	0	1
50	3	P	29	6	1	1	1	1	12	0	3	3	0	27
50	4	C	3	24	0	0	0	0	2	0	1	0	0	2
50	4	P	25	3	5	1	2	2	9	0	1	3	0	6
50	5	C	4	11	3	0	0	0	5	0	0	0	0	1
50	5	P	15	2	1	0	2	0	2	0	0	3	0	3
50	6	C	8	7	0	0	1	0	7	0	0	1	0	10
50	6	P	22	2	1	0	0	2	8	0	2	3	0	12
50	7	C	5	1	1	0	0	0	1	0	2	1	0	0
50	7	P	20	3	1	1	0	2	7	0	8	4	0	16
51	1	C	0	0	0	0	0	0	0	0	0	0	0	0
51	1	P	7	3	0	0	0	1	13	0	1	0	0	8
51	2	C	0	0	0	0	0	0	1	0	0	0	0	0
51	2	P	14	0	1	0	0	2	14	1	2	0	0	9
51	3	C	0	0	0	0	0	0	0	0	1	0	0	0
51	3	P	12	5	3	0	0	1	7	0	3	2	0	5
51	4	C	1	0	0	0	0	0	1	0	0	0	0	0
51	4	P	15	3	3	0	0	0	8	0	7	1	0	8
51	5	C	7	1	0	0	0	0	5	0	0	0	0	1
51	5	P	35	11	2	0	1	1	4	0	2	1	0	5
51	6	C	5	9	0	0	0	0	2	0	0	0	0	0
51	6	P	14	4	2	0	0	0	7	0	3	1	0	5
51	7	C	3	2	1	0	0	0	3	0	1	1	0	11
51	7	P	13	11	0	0	0	1	8	0	5	2	0	2
54	1	C	0	0	0	0	0	0	7	0	0	0	0	0
54	1	P	25	1	3	2	1	0	58	0	1	0	0	37
54	2	C	0	0	0	0	0	0	16	0	0	0	0	0
54	2	P	25	3	1	0	0	0	17	1	3	1	0	8
54	3	C	3	0	0	0	0	0	3	0	0	0	0	0
54	3	P	26	2	13	0	0	2	5	0	4	1	0	26
54	4	C	5	3	0	0	0	0	1	0	0	0	0	16
54	4	P	25	5	4	3	1	1	3	0	2	0	0	25
54	5	C	4	0	0	0	0	0	0	0	0	0	0	12
54	5	P	36	10	7	1	2	2	14	0	3	1	0	17
54	6	C	10	4	1	0	0	0	10	0	0	2	0	30
54	6	P	37	7	1	1	2	2	19	0	7	1	0	41
54	7	C	6	5	3	3	0	0	5	0	0	0	0	1
54	7	P	21	2	1	1	0	2	9	0	2	2	0	14
55	1	C	0	0	0	0	0	0	0	0	0	0	0	0
55	1	P	1	0	0	0	0	0	0	0	0	0	0	1
55	2	C	1	0	0	0	0	0	1	0	0	0	0	0
55	2	P	1	0	0	0	0	0	2	0	0	0	0	5
55	3	C	1	0	0	0	0	0	0	0	0	0	0	0
55	3	P	1	0	0	0	0	0	0	0	0	0	0	4
55	4	C	1	1	0	0	0	0	1	0	0	0	0	0
55	4	P	3	0	0	0	0	1	4	0	0	0	0	6
55	5	C	0	0	0	0	0	0	0	0	1	0	0	3
55	5	P	5	4	0	1	0	0	3	0	2	0	0	1
55	6	C	3	0	0	0	0	0	5	0	0	0	0	14
55	6	P	0	0	1	0	0	0	0	0	0	0	0	1
55	7	C	5	0	1	0	0	0	2	0	0	0	0	3
55	7	P	1	0	1	0	0	0	0	1	1	0	0	14
58	1	C	0	0	0	0	0	0	1	0	0	0	0	0
58	1	P	11	5	4	0	0	0	5	0	0	0	0	19
58	2	C	1	0	0	0	0	0	0	0	0	0	0	0
58	2	P	7	8	2	1	0	0	6	0	3	0	0	27
58	3	C	0	0	0	0	0	0	17	0	0	0	0	1
58	3	P	26	16	2	0	0	1	38	0	0	1	0	15
58	4	C	4	0	1	0	0	0	14	0	0	0	0	1
58	4	P	17	9	3	0	0	0	8	0	0	1	0	23
58	5	C	2	0	0	0	0	0	1	0	0	0	0	2
58	5	P	14	2	0	2	0	1	8	0	4	1	0	13
58	6	C	0	6	0	0	0	0	3	0	0	0	0	6
58	6	P	40	10	4	1	1	4	9	4	0	4	0	19
58	7	C	2	0	0	0	0	0	6	0	0	0	0	1
58	7	P	16	2	2	0	0	0	9	0	1	2	0	15
59	1	C	0	0	0	0	0	0	0	0	0	0	0	0
59	1	P	6	0	0	0	0	0	2	0	0	0	0	1
59	2	C	0	0	0	0	0	0	1	0	0	0	0	0
59	2	P	14	0	1	0	0	0	1	0	0	2	0	2
59	3	C	0	0	0	0	0	0	0	0	0	0	0	0
59	3	P	4	0	0	0	0	0	0	0	0	1	0	3
59	4	C	2	0	0	0	0	0	0	0	0	0	0	0
59	4	P	1	0	1	0	0	0	0	0	0	0	0	5
59	5	C	0	0	0	0	0	0	0	0	0	0	0	0
59	5	P	0	0	0	0	0	0	0	0	0	0	0	0
59	6	C	0	0	0	0	0	0	1	0	0	0	0	9
59	6	P	0	1	2	0	0	3	1	0	1	0	0	2
59	7	C	0	0	0	0	0	0	0	0	0	0	0	9
59	7	P	2	2	4	1	0	0	6	0	2	0	0	1
61	1	C	0	0	0	0	0	0	0	0	0	0	0	0
61	1	P	1	0	0	0	0	0	3	0	2	0	0	5
61	2	C	0	0	0	0	0	0	1	0	0	0	0	0
61	2	P	11	1	2	1	0	0	5	0	0	0	0	4
61	3	C	0	0	0	0	0	0	0	0	0	0	0	0
61	3	P	1	5	2	0	0	0	3	0	0	0	0	1
61	4	C	6	0	0	0	0	0	7	0	0	0	0	0
61	4	P	16	4	0	0	0	0	9	0	0	2	0	14
61	5	C	1	0	0	0	0	0	4	0	0	0	0	4
61	5	P	6	0	0	0	0	0	3	0	1	0	0	1
61	6	C	1	0	0	0	0	0	4	0	0	0	0	3
61	6	P	20	0	1	0	0	0	8	0	0	1	0	8
61	7	C	3	0	0	0	0	0	5	0	0	1	0	4
61	7	P	15	1	2	0	0	1	8	0	0	2	0	10
62	1	C	0	0	0	0	0	0	0	0	0	0	0	0
62	1	P	12	4	10	0	1	2	20	0	3	2	0	32
62	2	C	0	0	0	0	0	0	2	0	0	0	0	0
62	2	P	12	3	0	0	0	1	8	0	2	0	0	14
62	3	C	1	0	0	2	0	0	0	0	0	0	0	0
62	3	P	7	4	1	1	0	1	6	0	0	0	0	30
62	4	C	1	0	0	0	0	0	0	0	0	0	0	0
62	4	P	15	6	3	0	0	0	4	0	2	2	0	23
62	5	C	1	16	0	0	0	0	2	0	0	0	0	0
62	5	P	12	7	4	0	0	2	13	0	2	0	0	12
62	6	C	9	7	0	0	0	0	12	0	0	0	0	10
62	6	P	40	8	5	0	0	0	19	0	1	4	0	30
62	7	C	6	5	0	0	0	0	1	0	0	0	0	3
62	7	P	44	14	7	1	2	1	21	1	2	0	0	30
64	1	C	0	0	0	0	0	0	0	0	0	0	0	0
64	1	P	1	1	0	0	0	0	1	0	0	0	0	2
64	2	C	1	0	0	0	0	0	0	0	0	0	0	0
64	2	P	2	0	0	0	0	0	7	0	0	1	0	5
64	3	C	0	0	0	0	0	0	0	0	0	0	0	0
64	3	P	2	0	0	0	0	0	0	0	0	0	0	1
64	4	C	0	0	0	0	0	0	0	0	0	0	0	0
64	4	P	0	2	0	0	0	0	1	0	0	0	0	6
64	5	C	0	0	0	0	0	0	0	0	0	0	0	0
64	5	P	1	0	1	0	0	0	1	0	0	0	0	1
64	6	C	0	0	0	0	0	0	0	0	0	0	0	0
64	6	P	3	0	0	0	0	0	0	0	0	0	0	5
64	7	C	3	0	0	0	0	2	0	0	0	0	0	1
64	7	P	5	0	0	0	1	0	6	0	0	0	0	3
65	1	C	0	0	0	0	0	0	0	0	0	0	0	0
65	1	P	13	13	2	1	0	0	8	0	0	0	0	12
65	2	C	0	0	0	0	0	0	0	0	0	0	0	0
65	2	P	10	5	1	1	1	0	8	0	4	1	0	17
65	3	C	5	0	0	0	0	0	3	0	0	0	0	0
65	3	P	19	8	5	1	0	1	14	0	0	1	0	10
65	4	C	2	8	0	0	0	0	1	0	0	0	0	2
65	4	P	12	5	1	0	0	0	4	1	2	1	0	9
65	5	C	6	3	0	0	0	0	3	0	2	1	0	6
65	5	P	6	6	1	0	0	0	1	0	0	2	0	4
65	6	C	6	0	0	0	0	0	0	0	0	0	0	18
65	6	P	6	2	2	0	0	0	7	0	6	1	0	14
65	7	C	11	3	0	0	0	0	2	0	0	2	0	5
65	7	P	12	3	1	1	0	1	6	1	1	3	0	9
66	1	C	0	0	0	0	0	0	0	0	0	0	0	0
66	1	P	11	1	0	1	0	0	6	0	1	0	0	8
66	2	C	0	0	0	0	0	0	11	0	0	0	0	0
66	2	P	5	4	0	3	0	0	14	0	2	0	0	3
66	3	C	0	0	0	0	0	0	5	0	0	0	0	0
66	3	P	2	4	0	0	0	0	8	0	0	0	0	4
66	4	C	4	2	0	0	0	0	2	0	0	0	0	13
66	4	P	13	2	0	3	0	3	8	0	1	6	0	15
66	5	C	6	3	0	0	0	0	7	0	0	1	0	2
66	5	P	22	10	4	8	0	0	6	2	0	11	0	12
66	6	C	2	3	0	0	0	0	1	0	0	3	0	4
66	6	P	4	1	5	0	0	0	2	0	2	1	0	3
66	7	C	10	6	0	1	0	0	3	0	1	5	0	1
66	7	P	10	2	1	2	2	3	14	0	4	0	0	13
68	1	C	0	0	0	0	0	0	0	0	0	0	0	0
68	1	P	2	1	0	0	0	0	2	0	0	0	0	13
68	2	C	0	0	0	0	0	0	0	0	0	0	0	0
68	2	P	9	0	0	0	0	0	2	0	2	0	0	0
68	3	C	0	0	0	0	0	0	0	0	0	0	0	0
68	3	P	6	0	1	0	0	0	4	0	1	0	0	10
68	4	C	0	0	0	0	0	0	0	0	0	0	0	0
68	4	P	4	0	2	0	0	0	3	0	1	1	0	2
68	5	C	0	0	0	0	0	0	3	0	0	0	0	14
68	5	P	8	0	1	0	0	0	7	0	1	3	0	5
68	6	C	1	0	0	0	0	0	1	0	0	0	0	7
68	6	P	5	0	0	0	0	1	1	0	0	0	0	3
68	7	C	1	3	1	0	0	0	1	0	0	0	0	6
68	7	P	27	4	5	4	0	2	1	0	0	4	0	6
72	1	C	0	0	0	0	0	0	0	0	0	0	0	0
72	1	P	4	3	18	1	5	1	25	0	3	0	0	147
72	2	C	0	0	0	0	0	0	0	0	0	0	0	0
72	2	P	15	10	19	3	3	2	14	0	4	0	0	100
72	3	C	0	0	0	0	0	0	0	0	0	0	0	0
72	3	P	13	9	7	0	1	0	20	0	3	0	0	62
72	4	C	6	5	1	0	1	0	1	0	0	0	0	0
72	4	P	27	10	5	0	1	3	8	0	2	3	0	41
72	5	C	7	1	0	0	0	0	0	0	0	0	0	2
72	5	P	10	13	4	0	4	4	21	0	4	2	0	39
72	6	C	6	0	1	0	0	0	0	0	0	0	0	4
72	6	P	21	2	6	2	0	0	7	0	0	1	0	17
72	7	C	1	6	1	1	3	0	6	0	0	7	0	7
72	7	P	20	12	4	3	5	0	16	0	1	4	0	28
73	1	C	0	0	0	0	0	0	0	0	0	0	0	0
73	1	P	6	0	0	0	1	0	14	0	1	0	0	7
73	2	C	0	0	0	0	0	0	0	0	0	0	0	0
73	2	P	6	0	0	0	0	1	11	0	0	0	0	5
73	3	C	1	0	0	0	0	0	0	0	0	0	0	0
73	3	P	14	3	0	0	0	0	3	0	0	0	0	10
73	4	C	4	1	0	0	0	0	3	0	0	0	0	5
73	4	P	0	1	0	0	0	0	1	0	0	0	0	2
73	5	C	3	0	0	0	0	0	11	0	0	0	0	12
73	5	P	1	2	1	0	0	0	11	0	0	1	0	1
73	6	C	8	0	0	1	0	0	1	0	0	0	0	5
73	6	P	8	0	0	0	0	1	3	0	0	1	0	4
73	7	C	6	1	0	0	1	0	2	0	1	0	0	5
73	7	P	6	0	0	0	1	0	4	0	0	0	0	2
74	1	C	0	0	0	0	0	0	0	0	0	0	0	0
74	1	P	7	3	1	1	0	0	5	0	0	0	0	6
74	2	C	1	0	0	0	0	0	0	0	0	0	0	0
74	2	P	27	4	12	0	0	4	13	0	1	0	0	6
74	3	C	15	0	0	0	0	0	19	0	0	0	0	0
74	3	P	8	0	2	0	0	0	5	0	0	0	0	0
74	4	C	2	0	0	0	0	0	49	0	0	0	0	0
74	4	P	7	3	3	2	1	0	26	0	1	4	0	9
74	5	C	10	3	0	0	0	0	92	0	0	0	0	3
74	5	P	6	0	0	0	0	0	16	0	1	2	0	1
74	6	C	9	13	3	0	0	0	15	0	0	0	0	41
74	6	P	21	1	8	2	0	0	22	0	2	0	0	19
74	7	C	8	2	3	0	0	0	15	0	0	12	0	9
74	7	P	12	2	4	0	0	0	12	0	1	1	0	4
75	1	C	0	0	0	0	0	0	0	0	0	0	0	0
75	1	P	27	13	0	0	0	4	11	1	2	2	0	19
75	2	C	1	0	0	0	0	0	0	0	0	0	0	0
75	2	P	34	1	7	1	0	0	24	0	1	1	0	30
75	3	C	0	0	0	0	0	0	1	0	0	0	0	0
75	3	P	18	6	1	0	0	0	3	4	1	1	0	6
75	4	C	2	8	0	0	0	0	28	0	0	0	0	26
75	4	P	43	12	5	5	3	7	19	0	0	2	0	38
75	5	C	3	4	0	0	0	0	6	0	0	0	0	10
75	5	P	33	10	1	0	0	1	15	0	1	1	0	25
75	6	C	13	21	0	0	0	0	13	0	0	0	0	6
75	6	P	56	16	4	2	0	5	20	0	1	0	0	28
75	7	C	10	5	0	1	0	0	3	0	0	0	0	9
75	7	P	36	14	6	3	3	5	14	2	0	2	0	26
76	1	C	0	0	0	0	0	0	0	0	0	0	0	0
76	1	P	3	3	0	0	0	0	1	0	0	0	0	6
76	2	C	14	0	0	0	0	0	0	0	0	0	0	0
76	2	P	7	1	5	0	0	0	9	0	0	0	0	21
76	3	C	4	0	0	0	0	0	2	0	0	0	0	0
76	3	P	6	5	1	0	0	0	8	0	0	0	0	5
76	4	C	1	0	0	0	0	0	0	0	0	0	0	0
76	4	P	3	0	1	0	0	0	4	0	0	0	0	16
76	5	C	0	0	0	0	0	0	0	0	0	0	0	0
76	5	P	0	0	0	0	0	0	0	0	0	0	0	0
76	6	C	0	0	0	0	0	0	0	0	0	0	0	0
76	6	P	0	0	0	0	0	0	0	0	0	0	0	0
76	7	C	0	0	0	0	0	0	0	0	0	0	0	0
76	7	P	0	0	0	0	0	0	0	0	0	0	0	0
77	1	C	0	0	0	0	0	0	0	0	0	0	0	0
77	1	P	3	0	0	0	0	0	4	0	0	0	0	13
77	2	C	0	0	0	0	0	0	0	0	0	0	0	0
77	2	P	2	2	0	0	0	0	0	0	1	0	0	2
77	3	C	0	0	0	0	0	0	0	0	0	0	0	0
77	3	P	1	2	0	0	0	0	0	0	0	0	0	4
77	4	C	3	0	0	0	0	0	4	0	0	0	0	0
77	4	P	4	0	0	0	0	0	4	0	0	0	0	5
77	5	C	12	3	0	0	0	0	1	0	0	0	0	0
77	5	P	3	2	0	1	0	0	0	0	0	0	0	5
77	6	C	2	0	0	0	0	0	1	0	0	0	0	0
77	6	P	2	0	1	0	0	0	4	0	0	0	0	7
77	7	C	4	0	0	0	0	0	12	0	1	0	0	5
77	7	P	7	1	1	0	0	0	11	0	0	0	0	11
78	1	C	0	0	0	0	0	0	0	0	0	0	0	0
78	1	P	44	8	6	0	0	2	37	0	4	1	0	24
78	2	C	0	0	0	0	0	0	0	0	0	0	0	0
78	2	P	15	16	0	0	0	0	12	0	2	0	0	5
78	3	C	0	0	0	0	0	0	0	0	0	0	0	0
78	3	P	15	1	1	1	0	0	13	0	1	0	0	7
78	4	C	0	0	0	0	0	0	0	0	0	0	0	0
78	4	P	21	14	6	1	0	2	32	0	5	4	0	31
78	5	C	0	0	0	0	0	0	0	0	0	0	0	0
78	5	P	21	17	2	3	0	0	29	0	1	6	0	26
78	6	C	0	0	0	0	0	0	6	0	0	0	0	0
78	6	P	12	0	1	0	0	1	19	0	1	6	0	15
78	7	C	3	0	0	0	0	0	7	0	0	0	0	0
78	7	P	25	16	4	0	0	7	19	0	0	1	0	14
79	1	C	0	0	0	0	0	0	0	0	0	0	0	0
79	1	P	110	1	0	1	0	0	9	0	2	2	0	13
79	2	C	0	0	0	0	0	0	0	0	0	0	0	0
79	2	P	66	3	0	1	0	1	4	0	1	0	0	11
79	3	C	0	0	0	0	0	0	0	0	0	0	0	0
79	3	P	0	0	0	0	0	0	0	0	0	0	0	0
79	4	C	3	0	0	0	0	0	12	0	0	0	0	0
79	4	P	13	6	3	0	0	2	18	0	1	1	0	13
79	5	C	28	8	0	0	0	0	16	0	0	0	0	4
79	5	P	41	8	4	0	1	1	12	0	4	1	0	12
79	6	C	15	8	2	0	0	2	6	0	0	0	0	4
79	6	P	37	2	4	0	4	3	10	0	2	0	0	9
79	7	C	5	2	0	0	0	3	11	0	0	2	0	12
79	7	P	25	3	3	0	0	2	16	0	0	4	0	24
80	1	C	1	0	0	0	0	0	0	0	0	0	0	0
80	1	P	5	2	0	0	0	0	1	0	0	1	0	3
80	2	C	0	0	0	0	0	0	2	0	0	0	0	0
80	2	P	18	3	1	0	0	0	12	0	1	1	0	13
80	3	C	0	0	0	0	0	0	0	0	0	0	0	0
80	3	P	4	6	0	0	0	0	4	0	0	0	0	3
80	4	C	0	0	1	0	0	7	1	0	0	0	0	0
80	4	P	4	1	0	0	0	9	0	0	1	0	0	1
80	5	C	0	0	0	0	0	0	4	0	0	0	0	5
80	5	P	9	1	7	0	0	0	4	0	3	0	0	3
80	6	C	0	0	0	0	0	0	0	0	0	0	0	0
80	6	P	8	1	1	0	0	0	2	0	2	0	0	7
80	7	C	0	0	0	0	0	0	7	0	0	0	0	4
80	7	P	5	0	2	0	0	0	3	0	2	0	0	5
81	1	C	0	0	0	0	0	0	0	0	0	0	0	0
81	1	P	0	0	0	0	0	0	0	0	1	0	0	0
81	2	C	1	0	0	0	0	0	1	0	0	0	0	0
81	2	P	1	0	0	0	0	0	3	0	0	0	0	1
81	3	C	2	0	0	0	0	0	7	0	0	0	0	0
81	3	P	7	1	1	0	0	0	6	0	1	0	0	13
81	4	C	0	0	0	0	0	0	0	0	0	0	0	0
81	4	P	0	0	0	0	0	0	0	0	0	0	0	0
81	5	C	1	5	0	0	0	0	2	0	0	0	0	11
81	5	P	0	4	2	0	0	2	4	0	0	0	0	7
81	6	C	3	0	0	0	0	0	3	0	0	0	0	7
81	6	P	8	3	0	0	0	1	34	0	2	2	0	37
81	7	C	1	3	1	0	0	1	0	0	0	6	0	0
81	7	P	2	0	1	0	0	1	0	0	0	2	0	3
82	1	C	0	0	0	0	0	0	0	0	0	0	0	0
82	1	P	10	3	1	0	0	0	2	0	1	2	0	10
82	2	C	0	0	0	0	0	0	5	0	0	0	0	0
82	2	P	12	4	0	2	0	0	19	0	2	0	0	10
82	3	C	2	1	0	0	0	0	4	0	0	0	0	0
82	3	P	6	2	0	0	1	1	7	0	6	7	0	8
82	4	C	2	0	0	0	0	0	1	0	0	0	0	0
82	4	P	14	3	4	0	0	0	1	0	2	11	0	30
82	5	C	2	0	0	0	0	0	11	0	0	0	0	1
82	5	P	8	6	2	0	0	0	6	1	2	0	0	9
82	6	C	3	0	0	0	0	0	5	0	1	0	0	17
82	6	P	18	1	0	0	0	1	5	0	3	6	0	24
82	7	C	9	2	0	0	0	0	5	0	0	1	0	13
82	7	P	16	0	2	0	0	0	3	0	1	0	0	8
83	1	C	0	0	0	0	0	0	0	0	0	0	0	0
83	1	P	18	2	0	1	1	0	6	0	3	1	0	11
83	2	C	0	0	0	0	0	0	0	0	0	0	0	0
83	2	P	16	1	3	0	2	0	5	0	4	0	0	6
83	3	C	1	0	0	0	0	0	1	0	0	0	0	0
83	3	P	27	0	2	0	0	1	6	0	0	0	0	20
83	4	C	0	0	0	0	0	0	0	0	0	0	0	0
83	4	P	19	1	3	0	0	0	7	0	1	3	0	13
83	5	C	1	0	0	0	0	0	1	0	0	0	0	0
83	5	P	8	5	2	0	0	0	3	0	3	2	0	3
83	6	C	7	0	0	0	0	0	9	0	0	0	0	0
83	6	P	29	0	5	0	0	0	2	1	0	0	0	11
83	7	C	5	0	0	0	0	0	18	0	3	0	0	2
83	7	P	23	3	4	0	0	1	16	1	6	0	0	12
84	1	C	0	0	0	0	0	0	0	0	0	0	0	0
84	1	P	23	3	4	0	0	4	9	0	1	2	0	16
84	2	C	0	0	0	0	0	0	1	0	0	0	0	0
84	2	P	26	2	3	0	0	5	14	0	0	0	0	6
84	3	C	0	0	0	0	0	0	2	0	0	0	0	0
84	3	P	23	5	7	0	0	1	19	0	0	4	0	11
84	4	C	0	0	0	0	0	0	3	0	0	0	0	0
84	4	P	21	1	2	0	0	3	23	0	1	0	0	12
84	5	C	0	0	0	0	0	0	2	0	0	0	0	0
84	5	P	10	3	4	0	0	4	16	0	0	0	0	5
84	6	C	0	5	0	0	0	10	1	0	0	0	0	0
84	6	P	11	2	3	1	0	20	16	0	1	3	0	9
84	7	C	4	0	0	0	0	0	4	0	0	0	0	1
84	7	P	20	2	12	0	0	4	6	0	3	3	0	6
85	1	C	0	0	0	0	0	0	0	0	0	0	0	0
85	1	P	21	19	5	1	0	0	27	2	4	5	0	17
85	2	C	0	0	0	0	0	0	0	0	0	0	0	0
85	2	P	34	5	5	0	0	0	19	0	6	7	0	33
85	3	C	0	0	0	0	0	0	8	0	0	0	0	0
85	3	P	39	26	0	1	0	1	44	1	4	0	0	27
85	4	C	28	0	0	0	0	0	3	0	0	0	0	0
85	4	P	46	5	2	1	0	0	36	0	2	2	0	20
85	5	C	3	1	0	0	0	0	10	0	0	0	0	0
85	5	P	23	8	2	1	0	4	23	0	8	3	0	15
85	6	C	0	0	0	0	0	0	24	0	0	0	0	0
85	6	P	41	14	0	0	0	1	53	0	7	5	0	24
85	7	C	1	2	0	0	0	0	11	0	0	1	0	1
85	7	P	18	5	0	1	0	1	22	2	12	2	1	14
87	1	C	0	0	0	0	0	0	0	0	0	0	0	0
87	1	P	5	3	1	0	0	0	0	0	0	0	0	5
87	2	C	0	0	0	0	0	0	0	0	0	0	0	0
87	2	P	3	0	1	0	0	0	0	0	1	0	0	4
87	3	C	0	0	0	0	0	0	0	0	0	0	0	0
87	3	P	0	0	0	0	0	0	0	0	0	0	0	0
87	4	C	0	0	0	0	0	0	18	0	0	0	0	0
87	4	P	6	0	0	0	0	0	1	0	0	0	0	3
87	5	C	1	0	0	0	0	0	2	0	0	0	0	5
87	5	P	1	1	1	0	0	0	2	0	0	0	0	1
87	6	C	0	0	0	0	0	0	0	0	0	0	0	6
87	6	P	1	1	1	0	0	0	1	0	2	0	0	0
87	7	C	8	0	0	0	0	0	0	0	1	0	0	8
87	7	P	1	0	1	0	0	0	6	0	0	0	0	19
88	1	C	0	0	0	0	0	0	0	0	0	0	0	0
88	1	P	16	1	1	0	0	0	1	0	1	0	0	14
88	2	C	2	0	0	0	0	0	0	0	0	0	0	0
88	2	P	9	0	0	0	0	0	2	0	0	0	0	7
88	3	C	0	0	0	0	0	0	0	0	0	0	0	0
88	3	P	3	0	0	0	0	0	0	0	3	0	0	2
88	4	C	5	1	0	0	0	0	4	0	0	0	0	0
88	4	P	2	0	2	0	0	0	2	0	0	0	0	13
88	5	C	1	0	0	0	0	1	1	0	1	0	0	0
88	5	P	9	0	0	0	0	2	0	0	1	0	0	17
88	6	C	5	3	0	0	0	0	7	0	1	5	0	0
88	6	P	4	1	1	0	0	0	4	0	0	0	0	20
88	7	C	13	0	1	0	0	0	7	0	11	6	0	8
88	7	P	6	3	0	0	2	2	4	0	6	0	1	5
89	1	C	0	0	0	0	0	0	0	0	0	0	0	0
89	1	P	1	1	0	0	0	0	7	0	2	0	0	3
89	2	C	1	0	0	0	0	0	0	0	0	0	0	0
89	2	P	12	5	0	0	0	0	4	0	1	0	0	10
89	3	C	1	0	0	0	0	0	1	0	0	0	0	0
89	3	P	1	1	0	1	0	0	4	0	0	0	0	12
89	4	C	0	0	0	0	0	0	0	0	0	0	0	16
89	4	P	4	0	7	0	0	0	3	0	1	0	0	8
89	5	C	1	0	0	0	0	0	0	0	0	0	0	4
89	5	P	4	1	2	0	0	0	1	0	0	1	0	7
89	6	C	1	0	0	0	0	0	6	0	0	0	0	11
89	6	P	6	0	4	0	1	0	6	0	0	0	0	7
89	7	C	8	1	0	0	0	0	2	0	0	0	0	13
89	7	P	12	0	1	0	0	5	5	0	2	1	0	18
91	1	C	1	0	0	0	0	0	0	0	0	0	0	0
91	1	P	16	3	1	0	0	0	8	0	0	0	0	18
91	2	C	16	0	0	0	0	0	2	0	0	0	0	0
91	2	P	27	8	0	0	0	1	1	0	1	0	0	15
91	3	C	7	4	0	0	0	0	24	0	0	0	0	0
91	3	P	39	13	4	0	0	12	17	1	1	0	0	20
91	4	C	2	4	0	0	0	0	6	0	0	0	0	7
91	4	P	12	4	1	0	1	0	8	0	1	0	0	21
91	5	C	8	5	1	0	0	0	18	0	1	2	0	6
91	5	P	23	2	4	1	6	3	11	0	6	3	0	22
91	6	C	1	7	0	0	0	0	14	0	0	2	0	8
91	6	P	6	2	0	0	3	1	5	1	0	1	0	9
91	7	C	7	0	0	1	1	0	16	0	0	4	0	6
91	7	P	21	0	5	3	2	2	15	1	0	2	0	17
92	1	C	0	0	0	0	0	0	0	0	0	0	0	0
92	1	P	12	7	0	0	0	2	7	0	1	1	0	18
92	2	C	0	0	0	0	0	0	0	0	0	0	0	0
92	2	P	17	8	1	0	0	1	4	0	0	1	0	13
92	3	C	3	1	0	0	0	0	0	0	0	0	0	0
92	3	P	10	9	2	0	0	4	8	0	0	0	0	16
92	4	C	3	3	0	0	0	0	0	0	0	0	0	0
92	4	P	7	4	0	0	2	1	13	0	1	0	0	15
92	5	C	5	1	0	1	0	1	3	0	0	0	0	2
92	5	P	18	3	1	1	1	2	24	0	0	3	0	39
92	6	C	5	4	0	0	0	0	8	0	3	0	0	45
92	6	P	30	6	2	3	0	1	10	0	4	3	0	41
92	7	C	11	5	0	0	0	0	6	0	0	0	0	1
92	7	P	40	16	2	0	2	5	21	0	0	3	0	24
100	1	C	0	0	0	0	0	0	0	0	0	0	0	0
100	1	P	12	2	0	0	0	0	3	0	0	0	0	11
100	2	C	4	0	0	0	0	0	10	0	0	0	0	0
100	2	P	26	5	2	0	0	0	26	0	2	1	0	19
100	3	C	12	1	0	0	0	0	12	0	0	0	0	0
100	3	P	35	10	0	0	0	1	13	0	3	0	0	10
100	4	C	6	3	0	0	0	0	5	0	0	0	0	0
100	4	P	30	11	1	0	0	0	14	0	0	3	0	46
100	5	C	19	2	0	0	0	0	10	0	0	0	0	1
100	5	P	24	7	1	0	0	0	4	0	0	0	0	1
100	6	C	5	1	0	0	0	0	3	0	0	0	0	0
100	6	P	21	7	4	0	0	0	9	0	2	2	0	16
100	7	C	8	24	0	0	0	0	14	0	0	0	0	26
100	7	P	13	2	9	0	0	0	12	0	3	0	0	16
102	1	C	0	0	0	0	0	0	0	0	0	0	0	0
102	1	P	20	3	0	0	0	1	10	0	0	0	0	18
102	2	C	1	0	0	0	0	0	0	0	0	0	0	0
102	2	P	12	5	1	0	0	1	3	0	0	0	0	7
102	3	C	0	0	0	0	0	0	0	0	0	0	0	0
102	3	P	26	6	1	0	1	0	6	0	0	4	0	8
102	4	C	3	5	0	0	0	0	0	0	0	0	0	0
102	4	P	17	3	0	0	0	1	5	2	0	1	0	11
102	5	C	0	12	0	0	0	0	6	0	0	0	0	0
102	5	P	10	6	5	3	0	0	15	0	0	0	0	26
102	6	C	0	0	0	0	0	0	0	0	0	0	0	0
102	6	P	4	2	3	0	0	0	5	0	2	0	0	21
102	7	C	7	1	0	0	0	1	4	0	0	4	0	5
102	7	P	19	3	1	2	0	2	15	0	5	0	0	7
103	1	C	0	0	0	0	0	0	0	0	0	0	0	0
103	1	P	23	6	1	0	0	1	8	0	1	2	0	13
103	2	C	1	0	0	0	0	0	2	0	0	0	0	0
103	2	P	25	3	7	1	0	2	12	1	0	1	0	25
103	3	C	0	2	0	0	0	0	0	0	0	0	0	1
103	3	P	19	13	9	1	0	2	6	0	3	0	0	33
103	4	C	2	3	3	0	0	0	2	0	0	1	0	11
103	4	P	15	11	3	3	1	4	8	0	2	2	0	36
103	5	C	3	3	2	0	0	0	2	0	0	0	0	13
103	5	P	11	12	1	1	0	5	10	0	2	1	0	17
103	6	C	1	0	1	0	0	0	10	0	0	0	0	4
103	6	P	9	5	2	1	0	0	4	0	0	1	0	5
103	7	C	4	1	1	0	0	0	4	0	0	0	0	6
103	7	P	8	5	3	0	0	0	10	0	3	0	0	5
105	1	C	0	0	0	0	0	0	0	0	0	0	0	0
105	1	P	11	0	1	0	1	0	5	0	1	1	0	16
105	2	C	0	0	0	0	0	0	0	0	0	0	0	0
105	2	P	6	0	1	0	1	0	6	0	2	0	0	21
105	3	C	0	0	0	0	0	0	1	0	0	0	0	0
105	3	P	21	1	1	4	1	0	8	0	0	1	0	25
105	4	C	2	1	0	0	0	0	5	0	0	0	0	1
105	4	P	29	3	5	6	0	1	15	0	0	0	0	17
105	5	C	0	0	0	0	0	0	3	0	0	0	0	0
105	5	P	43	16	6	2	5	4	18	0	1	2	0	22
105	6	C	0	3	1	0	0	0	2	0	0	0	0	3
105	6	P	32	6	0	0	0	1	19	0	0	1	0	28
105	7	C	1	0	0	0	0	0	5	0	0	0	0	6
105	7	P	22	1	2	1	0	0	7	0	0	1	0	24
106	1	C	0	0	0	0	0	0	3	0	0	0	0	0
106	1	P	13	7	4	1	1	1	22	0	6	0	0	35
106	2	C	0	0	0	0	0	0	0	0	0	0	0	0
106	2	P	12	7	2	0	0	0	16	0	3	1	0	40
106	3	C	2	0	0	0	0	0	4	0	0	0	0	0
106	3	P	18	6	11	0	0	0	20	2	3	1	0	47
106	4	C	0	0	0	0	0	0	0	0	0	0	0	0
106	4	P	0	0	0	0	0	0	0	0	0	0	0	0
106	5	C	3	2	0	0	0	0	0	0	0	0	0	3
106	5	P	29	15	10	0	1	0	20	0	4	0	0	52
106	6	C	1	0	0	0	0	0	1	0	1	0	0	5
106	6	P	22	3	4	0	0	3	3	0	0	1	0	5
106	7	C	2	1	0	0	0	1	0	0	0	0	0	2
106	7	P	70	10	2	0	0	8	7	0	6	1	0	16
107	1	C	1	0	0	0	0	0	0	0	0	0	0	0
107	1	P	10	5	1	0	1	0	13	0	0	0	0	23
107	2	C	0	0	0	0	0	0	0	0	0	0	0	0
107	2	P	17	2	3	1	0	2	5	0	0	0	0	10
107	3	C	0	0	0	0	0	0	0	0	0	0	0	0
107	3	P	11	2	0	0	0	8	3	0	0	0	0	11
107	4	C	1	0	0	0	0	0	0	0	0	0	0	0
107	4	P	5	1	1	0	0	3	7	0	0	0	0	17
107	5	C	0	0	0	0	0	0	0	0	0	1	0	0
107	5	P	11	2	0	1	1	8	10	0	0	2	0	12
107	6	C	1	1	0	0	0	0	0	0	0	0	0	0
107	6	P	11	8	2	1	0	7	16	0	1	0	0	15
107	7	C	6	0	1	0	0	0	0	0	0	1	0	6
107	7	P	30	8	5	0	0	4	5	0	1	1	0	12
108	1	C	0	0	0	0	0	0	0	0	0	0	0	0
108	1	P	23	15	1	0	0	0	7	0	0	0	0	4
108	2	C	0	0	0	0	0	0	0	0	0	0	0	0
108	2	P	11	4	3	2	0	1	8	0	0	0	0	11
108	3	C	1	2	0	0	0	0	0	0	0	0	0	0
108	3	P	19	3	1	0	0	0	4	0	1	0	0	5
108	4	C	0	3	0	0	0	0	8	0	0	0	0	1
108	4	P	13	5	1	0	0	1	6	0	2	2	0	13
108	5	C	3	4	0	0	0	0	3	0	0	1	0	0
108	5	P	18	4	4	2	0	1	5	0	1	5	0	20
108	6	C	4	4	0	1	0	1	5	0	0	0	0	1
108	6	P	29	18	6	1	0	3	12	1	1	4	0	15
108	7	C	14	2	0	0	0	0	0	0	0	3	0	2
108	7	P	23	6	6	1	0	3	10	0	1	5	0	12
109	1	C	2	0	0	0	0	0	0	0	0	0	0	0
109	1	P	24	2	4	0	0	0	5	0	1	0	0	29
109	2	C	0	0	0	0	0	0	0	0	0	0	0	0
109	2	P	15	0	0	2	0	0	7	0	2	0	0	16
109	3	C	0	0	0	0	0	0	0	0	0	0	0	0
109	3	P	30	1	3	2	0	4	1	0	5	6	0	23
109	4	C	0	0	0	0	0	0	0	0	0	0	0	0
109	4	P	10	2	1	0	0	0	0	0	0	0	0	3
109	5	C	0	2	0	0	0	0	1	0	0	0	0	0
109	5	P	33	5	4	1	1	1	10	1	4	8	0	15
109	6	C	2	0	0	0	0	0	0	0	0	0	0	0
109	6	P	39	2	2	0	0	0	7	0	2	1	0	10
109	7	C	7	0	0	0	0	0	30	0	0	0	0	4
109	7	P	36	5	1	2	0	0	18	0	0	2	0	22
110	1	C	0	0	0	0	0	0	0	0	0	0	0	0
110	1	P	19	1	4	0	1	0	20	0	0	0	0	20
110	2	C	0	0	0	0	0	0	0	0	0	0	0	0
110	2	P	17	0	0	0	1	0	4	0	1	0	0	18
110	3	C	11	0	0	0	0	0	54	0	0	0	0	1
110	3	P	15	5	5	0	0	0	27	0	0	5	0	29
110	4	C	9	12	0	0	0	0	7	0	1	0	0	0
110	4	P	20	3	0	0	0	2	10	0	3	0	0	13
110	5	C	0	0	0	0	0	0	0	0	0	0	0	0
110	5	P	0	0	0	0	0	0	0	0	0	0	0	0
110	6	C	0	0	0	0	0	0	0	0	0	0	0	0
110	6	P	0	0	0	0	0	0	0	0	0	0	0	0
110	7	C	0	0	0	0	0	0	0	0	0	0	0	0
110	7	P	0	0	0	0	0	0	0	0	0	0	0	0
119	1	C	0	0	0	0	0	0	0	0	0	0	0	0
119	1	P	31	2	2	0	0	2	12	0	0	1	0	20
119	2	C	0	0	0	0	0	0	0	0	0	0	0	0
119	2	P	17	7	1	0	1	1	18	0	0	0	0	25
119	3	C	1	0	0	0	0	0	0	0	0	0	0	0
119	3	P	17	10	5	0	0	4	3	0	3	1	0	31
119	4	C	9	1	0	0	0	0	12	0	0	0	0	1
119	4	P	33	2	1	0	0	0	18	0	2	1	0	24
119	5	C	1	1	0	0	1	2	9	0	0	0	0	3
119	5	P	19	4	4	2	1	10	15	0	1	1	0	10
119	6	C	0	1	0	0	0	0	2	0	0	0	0	0
119	6	P	21	0	5	0	0	2	3	0	2	0	0	8
119	7	C	8	1	1	0	0	0	2	0	1	0	0	11
119	7	P	31	5	4	0	0	1	7	0	10	2	0	19
123	1	C	0	0	0	0	0	0	0	0	0	0	0	0
123	1	P	7	8	0	0	0	0	5	0	0	2	0	22
123	2	C	0	0	0	0	0	0	0	0	0	0	0	0
123	2	P	2	0	1	0	0	0	1	0	0	0	0	6
123	3	C	0	0	0	0	0	0	0	0	0	0	0	0
123	3	P	2	2	1	0	3	2	5	0	0	4	0	5
123	4	C	0	0	0	0	0	0	1	0	0	0	0	0
123	4	P	6	0	5	0	2	4	14	0	2	4	0	11
123	5	C	6	0	0	0	1	0	1	0	0	0	0	0
123	5	P	11	0	2	0	1	5	11	0	0	4	0	10
123	6	C	6	0	0	0	0	0	2	0	2	0	0	0
123	6	P	10	4	1	1	0	1	8	0	1	2	0	9
123	7	C	0	0	0	0	0	0	0	0	0	0	0	0
123	7	P	0	0	0	0	0	0	0	0	0	0	0	0
124	1	C	0	0	0	0	0	0	0	0	0	0	0	0
124	1	P	18	1	1	1	0	0	11	0	1	0	0	25
124	2	C	0	0	0	0	0	0	0	0	0	0	0	0
124	2	P	7	0	0	0	0	0	14	0	0	0	0	33
124	3	C	0	0	0	0	0	0	0	0	0	0	0	0
124	3	P	5	2	0	2	0	0	5	0	0	0	0	5
124	4	C	0	0	0	0	0	0	0	0	0	0	0	0
124	4	P	0	0	0	0	0	0	0	0	0	0	0	0
124	5	C	0	0	0	0	0	0	0	0	0	0	0	0
124	5	P	6	0	0	1	0	0	0	0	0	0	0	3
124	6	C	4	0	0	0	0	0	2	0	0	0	0	6
124	6	P	6	2	1	0	0	0	8	0	0	0	0	5
124	7	C	0	3	0	0	0	0	0	0	0	0	0	2
124	7	P	45	0	1	8	0	3	10	1	1	0	0	28
125	1	C	0	0	0	0	0	0	0	0	0	0	0	0
125	1	P	4	0	0	0	0	0	6	0	0	0	0	6
125	2	C	1	0	0	0	0	0	1	0	0	0	0	0
125	2	P	5	1	1	0	1	0	5	1	5	1	0	19
125	3	C	3	0	0	0	0	0	7	0	0	0	0	1
125	3	P	1	0	0	0	0	0	0	0	0	0	0	0
125	4	C	1	0	0	0	0	0	6	0	0	0	0	8
125	4	P	34	0	3	0	2	3	7	4	6	1	0	16
125	5	C	5	5	2	0	0	0	6	0	0	0	0	1
125	5	P	3	3	3	0	0	3	5	0	3	1	0	10
125	6	C	2	0	0	2	0	0	1	0	0	2	0	3
125	6	P	22	3	2	0	2	4	5	1	3	5	0	8
125	7	C	3	4	1	0	0	0	4	1	1	0	0	13
125	7	P	9	2	3	6	1	0	8	1	4	1	0	8
126	1	C	0	0	0	0	0	0	0	0	0	0	0	0
126	1	P	9	1	0	0	0	0	0	0	2	1	0	24
126	2	C	0	0	0	0	0	0	0	0	0	0	0	0
126	2	P	0	0	0	0	0	0	0	0	0	0	0	0
126	3	C	0	0	0	0	0	0	2	0	0	0	0	0
126	3	P	12	0	0	0	0	0	5	0	0	1	0	7
126	4	C	0	0	0	0	0	0	2	0	0	0	0	1
126	4	P	27	1	1	2	0	0	2	0	2	0	0	19
126	5	C	3	0	0	0	0	0	0	0	0	0	0	1
126	5	P	14	2	3	0	0	1	2	0	1	3	0	8
126	6	C	0	9	0	0	0	0	4	0	0	0	0	7
126	6	P	28	0	0	1	1	0	0	0	1	0	0	3
126	7	C	3	1	0	0	0	0	2	0	0	0	0	6
126	7	P	9	0	1	1	0	0	1	0	0	3	0	5
127	1	C	0	0	0	0	0	0	1	0	0	0	0	0
127	1	P	3	3	1	0	0	1	4	0	0	1	0	4
127	2	C	0	0	0	0	0	0	1	0	0	0	0	0
127	2	P	2	0	0	0	0	0	5	0	0	0	0	6
127	3	C	0	0	0	0	0	0	0	0	0	0	0	0
127	3	P	4	1	0	1	0	0	1	0	0	0	0	5
127	4	C	0	1	0	0	0	0	7	0	0	0	0	0
127	4	P	8	0	0	0	0	2	2	0	1	2	0	4
127	5	C	3	2	0	0	0	0	0	0	0	1	0	0
127	5	P	5	2	3	1	0	0	2	0	4	4	0	6
127	6	C	0	2	0	0	0	0	1	0	1	0	0	1
127	6	P	9	9	1	0	0	1	15	0	4	2	0	5
127	7	C	1	2	0	0	0	0	1	0	0	1	0	2
127	7	P	6	3	1	0	0	1	3	0	0	0	0	5
