id	subject	session	last_update	completed	expected	missed	repeated	replaced_transcript	protocol	date	note	child_age	child_age_years	child_age_months	pcg	income	mother_pcg	mother_education	father_pcg	father_education	other_pcg	other_education
102201	22	1		1					H	2002-08-07		1-02	1.24	14.9	M	5	1					
102202	22	2		1					H	2002-11-13		1-06	1.51	18.1	M	5	1					
102203	22	3		1					H	2003-03-10		1-10	1.83	22.0	M	5	1					
102204	22	4		1					H	2003-07-14		2-02	2.18	26.13	M	5	1					
102205	22	5		1					H	2003-11-24		2-06	2.54	30.45	M	5	1					
102206	22	6		1					H	2004-03-17		2-10	2.86	34.23	M	5	1					
102207	22	7		1					H	2004-07-12		3-02	3.17	38.06	M	5	1					
102208	22	8		1					H	2004-11-02		3-05	3.48	41.74	M	5	1					
102209	22	9		1					H	2005-03-29		3-10	3.89	46.61	M	5	1					
102210	22	10		1					H	2005-07-21		4-02	4.2	50.35	M	5	1					
102211	22	11		1					H	2005-11-09		4-05	4.5	53.97	M	5	1					
102212	22	12		1					H	2006-03-06		4-09	4.82	57.87	M	5	1					
102401	24	1		1					H	2002-08-22		1-02	1.21	14.55	B	5	1		1			
102402	24	2		1					H	2002-12-16		1-06	1.53	18.35	B	5	1		1			
102403	24	3		1					H	2003-04-21		1-10	1.88	22.52	B	5	1		1			
102404	24	4		1					H	2003-08-19		2-02	2.2	26.45	B	5	1		1			
102405	24	5		1					H	2003-12-03		2-05	2.49	29.94	B	5	1		1			
102406	24	6		1					H	2004-03-31		2-09	2.82	33.84	B	6	1		1			
102407	24	7		1					H	2004-08-16		3-02	3.2	38.35	B	6	1		1			
102408	24	8		1					H	2004-12-02		3-05	3.49	41.9	B	6	1		1			
102409	24	9		1					H	2005-04-26		3-10	3.89	46.68	B	6	1		1			
102410	24	10		1					H	2005-08-19		4-02	4.2	50.45	B	6	1		1			
102411	24	11		1					H	2006-01-16		4-07	4.62	55.35	B	6	1		1			
102412	24	12		1					H	2006-05-05		4-11	4.92	59.0	B	6	1		1			
102501	25	1		1					H	2002-08-09		1-02	1.2	14.35	M	4	1					
102502	25	2		1					H	2002-11-25		1-05	1.49	17.87	M	4	1					
102503	25	3		1					H	2003-03-17		1-09	1.8	21.61	M	4	1					
102504	25	4		1					H	2003-08-04		2-02	2.18	26.19	M	4	1					
102505	25	5		1					H	2003-11-24		2-05	2.49	29.84	M	4	1					
102506	25	6		1					H	2004-04-01		2-10	2.84	34.1	M	4	1					
102507	25	7		1					H	2004-08-10		3-02	3.2	38.39	M	4	1					
102508	25	8		1					H	2004-12-10		3-06	3.54	42.39	M	4	1					
102509	25	9		1					H	2005-04-04		3-10	3.85	46.19	M	5	1					
102510	25	10		1					H	2005-08-03		4-02	4.18	50.16	M	5	1					
102511	25	11		1					H	2005-12-13		4-06	4.54	54.48	M	5	1					
102512	25	12		1					H	2006-04-03		4-10	4.85	58.16	M	5	1					
102701	27	1		1					H	2002-08-22		1-02	1.19	14.29	M	6	1					
102702	27	2		1					H	2002-12-10		1-05	1.49	17.9	M	6	1					
102703	27	3		1					H	2003-04-29		1-10	1.88	22.52	M	6	1					
102704	27	4		1					H	2003-08-14		2-02	2.17	26.03	M	6	1					
102705	27	5		1					H	2003-12-15		2-06	2.51	30.06	M	6	1					
102706	27	6		1					H	2004-04-08		2-09	2.82	33.84	M	6	1					
102707	27	7		1					H	2004-07-13		3-01	3.08	37.0	M	6	1					
102708	27	8		1					H	2004-12-13		3-06	3.5	42.0	M	6	1					
102709	27	9		1					H	2005-04-28		3-10	3.87	46.48	M	6	1					
102710	27	10		1					H	2005-08-15		4-02	4.17	50.06	M	6	1					
102711	27	11		1					H	2005-12-19		4-06	4.52	54.19	M	6	1					
102712	27	12		1					H	2006-04-10		4-09	4.83	57.9	M	6	1					
102801	28	1		1					H	2002-08-12		1-02	1.18	14.16	M	6	1					
102802	28	2		1					H	2002-12-09		1-06	1.51	18.06	M	6	1					
102803	28	3		1					H	2003-03-27		1-09	1.8	21.65	M	6	1					
102804	28	4		1					H	2003-08-15		2-02	2.19	26.26	M	6	1					
102805	28	5		1					H	2003-12-02		2-05	2.49	29.84	M	6	1					
102806	28	6		1					H	2004-04-01		2-09	2.82	33.81	M	6	1					
102807	28	7		1					H	2004-07-30		3-01	3.15	37.74	M	6	1					
102808	28	8		1					H	2004-12-10		3-06	3.51	42.1	M	6	1					
102809	28	9		1					H	2005-04-19		3-10	3.87	46.39	M	6	1					
102810	28	10		1					H	2005-08-16		4-02	4.19	50.29	M	6	1					
102811	28	11		1					H	2005-12-15		4-06	4.52	54.26	M	6	1					
102812	28	12		1					H	2006-04-28		4-10	4.89	58.68	M	6	1					
102901	29	1		1					H	2002-08-09		1-02	1.22	14.61	M	6	1					
102902	29	2		1					H	2002-11-19		1-05	1.5	17.94	M	6	1					
102903	29	3		1					H	2003-03-21		1-10	1.83	22.0	M	6	1					
102904	29	4		1					H	2003-07-22		2-02	2.17	26.03	M	6	1					
102905	29	5		1					H	2003-11-20		2-05	2.5	29.97	M	6	1					
102906	29	6		1					H	2004-03-16		2-09	2.82	33.84	M	6	1					
102907	29	7		1					H	2004-07-15		3-01	3.15	37.81	M	6	1					
102908	29	8		1					H	2004-11-12		3-05	3.48	41.71	M	6	1					
102909	29	9		1					H	2005-03-22		3-10	3.84	46.03	M	6	1					
102910	29	10		1					H	2005-08-02		4-02	4.2	50.39	F	6			1			
102911	29	11		1					H	2005-12-29		4-07	4.61	55.26	F	6			1			
102912	29	12		1					H	2006-03-21		4-10	4.83	58.0	F	6			1			
103001	30	1		1					H	2002-09-03		1-01	1.16	13.84	M	4	1					
103002	30	2		1					H	2003-01-23		1-06	1.55	18.48	M	4	1					
103003	30	3		1					H	2003-05-06		1-09	1.83	21.94	M	4	1					
103004	30	4		1					H	2003-09-02		2-01	2.15	25.81	M	4	1					
103005	30	5		1					H	2004-01-20		2-06	2.54	30.39	M	4	1					
103006	30	6		1					H	2004-05-04		2-09	2.83	33.87	M	4	1					
103007	30	7		1					H	2004-09-27		3-02	3.22	38.61	M	4	1					
103008	30	8		1					H	2005-01-24		3-06	3.55	42.52	M	4	1					
103009	30	9		1					H	2005-05-05		3-09	3.83	45.9	M	4	1					
103010	30	10		1					H	2005-09-23		4-02	4.21	50.48	M	5	1					
103011	30	11		1					H	2006-01-13		4-06	4.52	54.16	M	5	1					
103012	30	12		1					H	2006-05-19		4-10	4.86	58.35	M	5	1					
103201	32	1				1			H													
103202	32	2				1			H													
103203	32	3				1			H													
103204	32	4				1			H													
103205	32	5				1			H													
103206	32	6				1			H													
103207	32	7		1					H	2002-08-13		3-03	3.28	39.35	M	6	1					
103208	32	8		1					H	2002-11-05		3-06	3.51	42.1	M	6	1					
103209	32	9		1					H	2003-03-11		3-10	3.86	46.29	M	6	1					
103210	32	10		1					H	2003-07-15		4-02	4.2	50.42	M	6	1					
103211	32	11		1					H	2003-11-11		4-06	4.53	54.29	M	6	1					
103212	32	12		1					H	2004-03-09		4-10	4.86	58.23	M	6	1					
103301	33	1		1					H	2002-08-24		1-01	1.15	13.84	M	2	1					
103302	33	2		1					H	2002-12-14		1-05	1.46	17.52	M	2	1					
103303	33	3		1					H	2003-05-12		1-10	1.87	22.45	M	2	1					
103304	33	4		1					H	2003-08-18		2-01	2.14	25.65	M	2	1					
103305	33	5		1					H	2003-12-17		2-05	2.47	29.61	M	2	1					
103306	33	6		1					H	2004-04-26		2-09	2.83	33.9	M	2	1					
103307	33	7		1					H	2004-09-01		3-02	3.18	38.1	M	2	1					
103308	33	8		1					H	2005-01-04		3-06	3.52	42.19	M	2	1					
103309	33	9		1					H	2005-05-03		3-10	3.84	46.16	M	2	1					
103310	33	10		1					H	2005-09-13		4-02	4.21	50.48	M	4	1					
103311	33	11		1					H	2006-01-14		4-06	4.55	54.52	M	2	1					
103312	33	12		1					H	2006-04-22		4-09	4.81	57.77	M	2	1					
103401	34	1				1			H													
103402	34	2				1			H													
103403	34	3				1			H													
103404	34	4				1			H													
103405	34	5		1					H	2002-10-02		2-06	2.51	30.16	M	4	1					
103406	34	6		1					H	2003-02-11		2-10	2.87	34.45	M	4	1					
103407	34	7		1					H	2003-06-10		3-02	3.2	38.42	M	4	1					
103408	34	8		1					H	2003-10-15		3-06	3.55	42.58	M	4	1					
103409	34	9		1					H	2004-02-04		3-10	3.86	46.23	M	4	1					
103410	34	10		1					H	2004-06-16		4-02	4.22	50.61	M	4	1					
103411	34	11		1					H	2004-10-15		4-06	4.55	54.58	M	4	1					
103412	34	12		1					H	2005-02-21		4-10	4.9	58.77	M	4	1					
103501	35	1				1			H													
103502	35	2				1			H													
103503	35	3		1					H	2002-10-02		1-10	1.9	22.9	M	4	1					
103504	35	4		1					H	2003-01-13		2-02	2.19	26.26	M	4	1					
103505	35	5		1					H	2003-06-30		2-07	2.65	31.81	M	4	1					
103506	35	6		1					H	2003-09-24		2-10	2.88	34.61	M	4	1					
103507	35	7		1					H	2004-01-07		3-02	3.17	38.06	M	4	1					
103508	35	8		1					H	2004-05-12		3-06	3.52	42.23	M	4	1					
103509	35	9		1					H	2004-09-25		3-10	3.89	46.65	M	4	1					
103510	35	10		1					H	2005-01-12		4-02	4.19	50.23	M	4	1					
103511	35	11		1					H	2005-05-18		4-06	4.53	54.42	M	4	1					
103512	35	12		1					H	2005-09-18		4-10	4.87	58.42	M	4	1					
103701	37	1		1					H	2002-09-09		1-02	1.18	14.1	M	4	1					
103702	37	2		1					H	2003-01-14		1-06	1.53	18.26	M	4	1					
103703	37	3		1					H	2003-05-15		1-10	1.86	22.29	M	4	1					
103704	37	4		1					H	2003-08-28		2-01	2.14	25.71	M	4	1					
103705	37	5		1					H	2004-01-07		2-06	2.51	30.03	M	4	1					
103706	37	6		1					H	2004-05-12		2-10	2.85	34.19	M	5	1					
103707	37	7		1					H	2004-09-14		3-02	3.19	38.26	M	5	1					
103708	37	8		1					H	2005-01-11		3-06	3.52	42.16	M	5	1					
103709	37	9		1					H	2005-05-24		3-10	3.88	46.58	M	5	1					
103710	37	10		1					H	2005-09-08		4-02	4.17	50.06	M	5	1					
103711	37	11		1					H	2006-01-10		4-06	4.52	54.13	M	5	1					
103712	37	12		1					H	2006-05-18		4-10	4.87	58.39	M	5	1					
103801	38	1		1					H	2002-09-28		1-01	1.16	13.87	M	3	1					
103802	38	2		1					H	2003-01-25		1-05	1.49	17.77	M	3	1					
103803	38	3		1					H	2003-06-12		1-10	1.86	22.35	M	3	1					
103804	38	4		1					H	2003-09-25		2-01	2.15	25.77	M	3	1					
103805	38	5		1					H	2004-01-26		2-05	2.49	29.81	M	3	1					
103806	38	6		1					H	2004-06-12		2-10	2.87	34.35	M	4	1					
103807	38	7		1					H	2004-09-29		3-01	3.16	37.9	M	5	1					
103808	38	8		1					H	2005-02-02		3-06	3.51	42.03	M	5	1					
103809	38	9		1					H	2005-06-13		3-10	3.87	46.39	M	5	1					
103810	38	10		1					H	2005-10-05		4-02	4.18	50.13	M	5	1					
103811	38	11		1					H	2006-02-08		4-06	4.52	54.23	M	5	1					
103812	38	12		1					H	2006-05-29		4-09	4.83	57.9	M	5	1					
103901	39	1		1					H	2002-08-19		1-03	1.27	15.26	B	6	1		1			
103902	39	2		1					H	2002-11-08		1-05	1.49	17.9	B		1		1			
103903	39	3		1					H	2003-03-18		1-10	1.85	22.23	B		1		1			
103904	39	4		1					H	2003-07-14		2-02	2.17	26.1	B	6	1		1			
103905	39	5		1					H	2003-11-11		2-06	2.5	30.0	B	6	1		1			
103906	39	6		1					H	2004-03-22		2-10	2.87	34.35	B	6	1		1			
103907	39	7		1					H	2004-07-19		3-02	3.19	38.26	B	6	1		1			
103908	39	8		1					H	2004-11-17		3-06	3.52	42.19	M	5	1					
103909	39	9		1					H	2005-03-21		3-10	3.86	46.32	M	5	1					
103910	39	10		1					H	2005-07-12		4-02	4.17	50.03	M	5	1					
103911	39	11		1					H	2005-11-07		4-05	4.49	53.87	M	5	1					
103912	39	12		1					H	2006-03-10		4-09	4.83	57.97	M	5	1					
104001	40	1		1					H	2002-09-16		1-02	1.24	14.87	B	5	1		1			
104002	40	2		1					H	2002-12-16		1-05	1.49	17.87	B	5	1		1			
104003	40	3		1					H	2003-04-29		1-10	1.86	22.29	B	5	1		1			
104004	40	4		1					H	2003-08-25		2-02	2.18	26.16	B	5	1		1			
104005	40	5		1					H	2003-12-15		2-05	2.49	29.84	B	5	1		1			
104006	40	6		1					H	2004-04-27		2-10	2.86	34.23	B	5	1		1			
104007	40	7		1					H	2004-08-17		3-01	3.16	37.9	B	5	1		1			
104008	40	8		1					H	2004-12-13		3-05	3.48	41.77	B	5	1		1			
104009	40	9		1					H	2005-05-03		3-10	3.87	46.45	B	5	1		1			
104010	40	10		1					H	2005-08-30		4-02	4.19	50.32	B	5	1		1			
104011	40	11		1					H	2005-12-29		4-06	4.52	54.29	B	5	1		1			
104012	40	12		1					H	2006-05-15		4-10	4.9	58.84	B	5	1		1			
104201	42	1		1					H	2002-09-13		1-02	1.19	14.29	B	2	1		1			
104202	42	2		1					H	2003-01-08		1-06	1.52	18.13	B	2	1		1			
104203	42	3		1					H	2003-05-06		1-10	1.84	22.06	B	2	1		1			
104204	42	4		1					H	2003-09-04		2-02	2.17	26.0	B	2	1		1			
104205	42	5		1					H	2004-01-05		2-06	2.51	30.03	B	2	1		1			
104206	42	6		1					H	2004-05-10		2-10	2.85	34.19	B	2	1		1			
104207	42	7		1					H	2004-09-27		3-02	3.23	38.74	B	2	1		1			
104208	42	8		1					H	2005-01-19		3-06	3.55	42.48	B	2	1		1			
104209	42	9		1					H	2005-05-06		3-10	3.84	46.06	B	2	1		1			
104210	42	10		1					H	2005-08-26		4-01	4.14	49.71	B	2	1		1			
104211	42	11				1			H													
104212	42	12		1					H	2006-04-18		4-09	4.79	57.45	B	2	1		1			
104301	43	1		1					H	2003-01-15		1-02	1.17	14.06	M	4	1					
104302	43	2		1					H	2003-05-29		1-06	1.54	18.52	M	4	1					
104303	43	3		1					H	2003-09-09		1-09	1.82	21.87	M	4	1					
104304	43	4		1					H	2004-01-15		2-02	2.17	26.06	M	4	1					
104305	43	5		1					H	2004-05-05		2-05	2.48	29.74	M	3	1					
104306	43	6		1					H	2004-09-10		2-09	2.83	33.9	M	3	1					
104307	43	7		1					H	2005-01-14		3-02	3.17	38.03	M	4	1					
104308	43	8		1					H	2005-05-23		3-06	3.52	42.32	M	4	1					
104309	43	9		1					H	2005-09-27		3-10	3.87	46.45	M	4	1					
104310	43	10		1					H	2006-01-19		4-02	4.19	50.19	M	4	1					
104311	43	11		1					H	2006-05-03		4-05	4.47	53.68	M	4	1					
104312	43	12		1					H	2006-08-20		4-09	4.77	57.23	M	4	1					
104401	44	1		1					H	2002-10-24		1-02	1.18	14.19	M	3	1					
104402	44	2		1					H	2003-03-06		1-06	1.55	18.61	M	3	1					
104403	44	3		1					H	2003-07-08		1-10	1.89	22.68	M	3	1					
104404	44	4		1					H	2003-11-20		2-03	2.26	27.06	M	3	1					
104405	44	5		1					H	2004-03-01		2-06	2.54	30.45	M	3	1					
104406	44	6		1					H	2004-07-01		2-10	2.87	34.45	M	3	1					
104407	44	7		1					H	2004-10-30		3-02	3.2	38.39	M	3	1					
104408	44	8		1					H	2005-02-28		3-06	3.53	42.32	M	3	1					
104409	44	9		1					H	2005-06-23		3-10	3.85	46.16	M	3	1					
104410	44	10		1					H	2005-11-02		4-02	4.21	50.48	M	3	1					
104411	44	11		1					H	2006-02-07		4-05	4.48	53.65	M	3	1					
104412	44	12		1					H	2006-06-29		4-10	4.86	58.35	M	3	1					
104501	45	1		1					H	2002-10-08		1-02	1.19	14.29	M	6	1					
104502	45	2		1					H	2003-01-28		1-05	1.5	17.94	M	6	1					
104503	45	3		1					H	2003-05-29		1-09	1.83	21.97	M	6	1					
104504	45	4		1					H	2003-10-02		2-02	2.17	26.1	M	6	1					
104505	45	5		1					H	2004-01-26		2-05	2.49	29.87	M	6	1					
104506	45	6		1					H	2004-05-26		2-09	2.83	33.87	M	6	1					
104507	45	7		1					H	2004-09-24		3-01	3.16	37.81	M	6	1					
104508	45	8		1					H	2005-01-24		3-05	3.49	41.81	M	6	1					
104509	45	9		1					H	2005-06-01		3-10	3.84	46.06	M	6	1					
104510	45	10		1					H	2005-09-20		4-01	4.14	49.68	M	6	1					
104511	45	11		1					H	2006-02-01		4-06	4.51	54.06	M	6	1					
104512	45	12		1					H	2006-06-01		4-10	4.84	58.06	M	6	1					
104601	46	1		1					H	2002-10-01		1-03	1.31	15.71								
104602	46	2		1					H	2002-12-04		1-05	1.48	17.81		5						
104603	46	3		1					H	2003-06-05		1-11	1.99	23.84		5						
104604	46	4		1					H	2003-09-18		2-03	2.27	27.26		5						
104605	46	5		1					H	2004-02-12		2-08	2.68	32.06		5						
104606	46	6		1					H	2004-04-20		2-10	2.86	34.32		5						
104607	46	7		1					H	2004-08-28		3-02	3.22	38.58		5						
104608	46	8		1					H	2004-12-03		3-05	3.48	41.77	O	6					1	
104609	46	9		1					H	2005-04-22		3-10	3.87	46.39	O	6					1	
104610	46	10		1					H	2005-08-22		4-02	4.2	50.39	O	6					1	
104611	46	11		1					H	2006-01-03		4-06	4.57	54.77	O	6					1	
104612	46	12		1					H	2006-05-09		4-10	4.91	58.97	O	6					1	
104701	47	1		1					H	2002-09-23		1-01	1.17	13.97	M	6	1					
104702	47	2		1					H	2003-01-27		1-06	1.51	18.1	M	6	1					
104703	47	3		1					H	2003-06-03		1-10	1.86	22.32	M	6	1					
104704	47	4		1					H	2003-09-23		2-01	2.17	25.97	M	6	1					
104705	47	5		1					H	2004-01-27		2-06	2.51	30.1	M	6	1					
104706	47	6		1					H	2004-05-27		2-10	2.84	34.1	M	6	1					
104707	47	7		1					H	2004-09-21		3-01	3.16	37.9	M	6	1					
104708	47	8		1					H	2005-01-25		3-06	3.51	42.03	M	6	1					
104709	47	9		1					H	2005-06-06		3-10	3.87	46.42	M	6	1					
104710	47	10		1					H	2005-09-27		4-02	4.18	50.1	M	6	1					
104711	47	11		1					H	2006-02-23		4-06	4.59	54.97	M	6	1					
104712	47	12		1					H	2006-05-24		4-10	4.83	58.0	M	6	1					
104801	48	1		1					H	2002-09-04		1-01	1.13	13.58	M	6	1					
104802	48	2		1					H	2003-01-15		1-05	1.5	17.94	M	6	1					
104803	48	3		1					H	2003-05-08		1-09	1.81	21.71	M	6	1					
104804	48	4		1					H	2003-10-06		2-02	2.22	26.65	M	6	1					
104805	48	5		1					H	2004-01-28		2-06	2.54	30.35	M	6	1					
104806	48	6		1					H	2004-05-25		2-10	2.86	34.26	M	6	1					
104807	48	7		1					H	2004-09-08		3-01	3.15	37.71	M	6	1					
104808	48	8		1					H	2005-01-07		3-05	3.48	41.68	M	6	1					
104809	48	9		1					H	2005-05-20		3-10	3.84	46.1	M	6	1					
104810	48	10		1					H	2005-08-09		4-00	4.06	48.74	M	6	1					
104811	48	11		1					H	2006-01-16		4-05	4.5	53.97	M	6	1					
104812	48	12		1					H	2006-04-24		4-09	4.77	57.23	M	6	1					
104901	49	1		1					H	2002-10-29		1-01	1.15	13.77	F	5			1			
104902	49	2		1					H	2003-03-07		1-06	1.5	18.06	F	5			1			
104903	49	3		1					H	2003-07-17		1-10	1.86	22.39	F	5			1			
104904	49	4		1					H	2003-10-23		2-01	2.13	25.58	F	5			1			
104905	49	5		1					H	2004-02-23		2-05	2.47	29.58	F	5			1			
104906	49	6		1					H	2004-06-25		2-09	2.81	33.65	F	5			1			
104907	49	7		1					H	2004-11-12		3-02	3.19	38.23	F	5			1			
104908	49	8		1					H	2005-03-23		3-06	3.55	42.58	F	5			1			
104909	49	9		1					H	2005-07-21		3-10	3.87	46.52	F	5			1			
104910	49	10		1					H	2005-12-06		4-03	4.25	51.03	F	5			1			
104911	49	11		1					H	2006-04-27		4-07	4.64	55.71	F	5			1			
104912	49	12		1					H	2006-07-26		4-10	4.89	58.68	F	5			1			
105001	50	1		1					H	2002-09-16		1-01	1.16	13.9	M	3	1					
105002	50	2		1					H	2003-01-22		1-06	1.51	18.1	M	3	1					
105003	50	3		1					H	2003-05-13		1-09	1.82	21.81	M	3	1					
105004	50	4		1					H	2003-09-19		2-02	2.17	26.0	M	3	1					
105005	50	5		1					H	2004-01-20		2-06	2.51	30.03	M	3	1					
105006	50	6		1					H	2004-05-17		2-09	2.83	33.94	M	3	1					
105007	50	7		1					H	2004-09-29		3-02	3.2	38.32	M	3	1					
105008	50	8		1					H	2005-01-10		3-05	3.48	41.71	M	3	1					
105009	50	9		1					H	2005-05-24		3-10	3.85	46.16	M	4	1					
105010	50	10		1					H	2005-11-30		4-04	4.37	52.35	M	4	1					
105011	50	11		1					H	2006-01-31		4-06	4.54	54.39	M	4	1					
105012	50	12		1					H	2006-05-31		4-10	4.87	58.39	M	4	1					
105101	51	1		1					H	2002-11-04		1-01	1.15	13.84	M	3	1					
105102	51	2		1					H	2003-03-03		1-05	1.48	17.81	M	3	1					
105103	51	3		1					H	2003-07-15		1-10	1.85	22.19	M	3	1					
105104	51	4		1					H	2003-11-03		2-01	2.15	25.81	M	3	1					
105105	51	5		1					H	2004-03-08		2-05	2.5	29.97	M	3	1					
105106	51	6		1					H	2004-07-05		2-09	2.82	33.87	M	3	1					
105107	51	7		1					H	2004-11-05		3-01	3.16	37.87	M	3	1					
105108	51	8		1					H	2005-03-07		3-05	3.49	41.94	M	3	1					
105109	51	9		1					H	2005-07-07		3-09	3.83	45.94	M	3	1					
105110	51	10		1					H	2005-11-14		4-02	4.18	50.16	M	3	1					
105111	51	11		1					H	2006-03-06		4-05	4.49	53.9	M	3	1					
105112	51	12		1					H	2006-07-19		4-10	4.86	58.32	M	3	1					
105401	54	1		1					H	2002-10-03		1-01	1.16	13.87	M	2	1					
105402	54	2		1					H	2003-02-13		1-06	1.52	18.19	M	2	1					
105403	54	3		1					H	2003-06-26		1-10	1.89	22.61	M	2	1					
105404	54	4		1					H	2003-10-17		2-02	2.19	26.32	M	2	1					
105405	54	5		1					H	2004-02-12		2-06	2.52	30.16	M	2	1					
105406	54	6		1					H	2004-05-28		2-09	2.81	33.68	M	2	1					
105407	54	7		1					H	2004-10-16		3-02	3.19	38.29	M	1	1					
105408	54	8		1					H	2005-03-06		3-06	3.58	42.97	M	1	1					
105409	54	9		1					H	2005-06-27		3-10	3.89	46.65	M	3	1					
105410	54	10		1					H	2005-10-21		4-02	4.2	50.45	M	3	1					
105411	54	11		1					H	2005-02-13		3-06	3.52	42.19	M	3	1					
105412	54	12		1					H	2006-07-06		4-10	4.91	58.97	M	3	1					
105501	55	1		1					H	2003-01-22		1-02	1.19	14.23	M	2	1					
105502	55	2		1					H	2003-06-11		1-06	1.57	18.87	M	2	1					
105503	55	3		1					H	2003-09-08		1-09	1.81	21.77	M	2	1					
105504	55	4		1					H	2004-01-26		2-02	2.2	26.35	M	3	1					
105505	55	5		1					H	2004-05-07		2-05	2.48	29.74	M	3	1					
105506	55	6		1					H	2004-09-17		2-10	2.84	34.06	M	3	1					
105507	55	7		1					H	2005-01-07		3-01	3.15	37.74	M	3	1					
105508	55	8		1					H	2005-05-05		3-05	3.47	41.68	M	3	1					
105509	55	9		1					H	2005-08-29		3-09	3.79	45.45	M	3	1					
105510	55	10		1					H	2006-01-28		4-02	4.2	50.42	M	2	1					
105511	55	11		1					H	2006-05-23		4-06	4.52	54.26	M	2	1					
105512	55	12		1					H	2006-10-19		4-11	4.93	59.13	M	2	1					
105801	58	1		1					H	2002-12-10		1-01	1.16	13.87	M	3	1					
105802	58	2		1					H	2003-04-21		1-06	1.52	18.23	M	3	1					
105803	58	3		1					H	2003-08-18		1-10	1.84	22.13	M	3	1					
105804	58	4		1					H	2003-12-08		2-01	2.15	25.81	M	3	1					
105805	58	5		1					H	2004-04-02		2-05	2.47	29.61	M	3	1					
105806	58	6		1					H	2004-08-02		2-09	2.8	33.61	M	3	1					
105807	58	7		1					H	2004-12-06		3-01	3.15	37.74	M	3	1					
105808	58	8		1					H	2005-04-18		3-06	3.51	42.13	M	3	1					
105809	58	9		1					H	2005-09-26		3-11	3.95	47.39	M	4	1					
105810	58	10		1					H	2005-12-13		4-01	4.16	49.97	M	3	1					
105811	58	11		1					H	2006-04-24		4-06	4.53	54.32	M	3	1					
105812	58	12		1					H	2006-08-09		4-09	4.82	57.84	M	3	1					
105901	59	1		1					H	2003-01-10		1-02	1.23	14.77	M	4	1					
105902	59	2		1					H	2003-04-01		1-05	1.46	17.48	M	4	1					
105903	59	3		1					H	2003-08-01		1-09	1.79	21.48	M	4	1					
105904	59	4		1					H	2003-12-06		2-01	2.14	25.65	M	5	1					
105905	59	5				1			H													
105906	59	6		1					H	2004-08-14		2-09	2.83	33.9	M	5	1					
105907	59	7		1					H	2004-12-02		3-01	3.13	37.52	M	5	1					
105908	59	8		1					H	2005-04-05		3-05	3.47	41.61	M	5	1					
105909	59	9		1					H	2005-08-17		3-10	3.83	46.0	M	5	1					
105910	59	10		1					H	2005-12-16		4-01	4.16	49.97	M	6	1					
105911	59	11		1					H	2006-04-17		4-06	4.5	54.0	M	6	1					
105912	59	12		1					H	2006-08-07		4-09	4.81	57.68	M	6	1					
106101	61	1		1					H	2003-01-09		1-02	1.17	14.0	M	1	1					
106102	61	2		1					H	2003-05-14		1-06	1.51	18.16	M	3	1					
106103	61	3		1					H	2003-08-28		1-09	1.8	21.61	M	3	1					
106104	61	4		1					H	2004-01-06		2-01	2.16	25.9	M	3	1					
106105	61	5		1					H	2004-05-06		2-05	2.49	29.9	M	1	1					
106106	61	6		1					H	2004-09-07		2-09	2.83	33.94	M	1	1					
106107	61	7		1					H	2005-01-05		3-01	3.16	37.87	M	3	1					
106108	61	8		1					H	2005-05-11		3-06	3.5	42.06	M	1	1					
106109	61	9		1					H	2005-08-31		3-09	3.81	45.71	M	1	1					
106110	61	10		1					H	2006-01-17		4-02	4.19	50.26	M	3	1					
106111	61	11		1					H	2006-04-25		4-05	4.46	53.52	M	2	1					
106112	61	12		1					H	2006-09-06		4-09	4.83	57.9	M	2	1					
106201	62	1		1					H	2002-12-12		1-02	1.17	14.06	M	5	1					
106202	62	2		1					H	2003-05-13		1-07	1.59	19.1	M	5	1					
106203	62	3		1					H	2003-08-15		1-10	1.85	22.16	M	5	1					
106204	62	4		1					H	2003-12-04		2-01	2.15	25.81	M	5	1					
106205	62	5		1					H	2004-04-22		2-06	2.54	30.39	M	5	1					
106206	62	6		1					H	2004-09-02		2-10	2.9	34.74	M	5	1					
106207	62	7		1					H	2005-01-18		3-03	3.28	39.26	M	5	1					
106208	62	8		1					H	2005-04-21		3-06	3.53	42.35	M	5	1					
106209	62	9		1					H	2005-09-15		3-11	3.93	47.16	M	6	1					
106210	62	10		1					H	2005-12-08		4-01	4.16	49.94	M	6	1					
106211	62	11		1					H	2006-05-01		4-06	4.56	54.71	M	6	1					
106212	62	12		1					H	2006-09-19		4-11	4.94	59.29	M	6	1					
106401	64	1		1					H	2002-09-13		1-01	1.16	13.87	M	2	1					
106402	64	2		1					H	2003-01-22		1-06	1.52	18.16	M	2	1					
106403	64	3		1					H	2003-05-23		1-10	1.85	22.19	M	2	1					
106404	64	4		1					H	2003-09-16		2-01	2.17	25.97	M	2	1					
106405	64	5		1					H	2004-01-20		2-06	2.51	30.1	M	2	1					
106406	64	6		1					H	2004-05-19		2-10	2.84	34.06	M	3	1					
106407	64	7		1					H	2004-09-21		3-02	3.18	38.13	M	3	1					
106408	64	8		1					H	2005-01-06		3-05	3.48	41.65	M	2	1					
106409	64	9		1					H	2005-05-19		3-10	3.84	46.06	M	3	1					
106410	64	10		1					H	2005-09-01		4-01	4.13	49.48	M	3	1					
106411	64	11		1					H	2006-01-16		4-05	4.5	53.97	M	3	1					
106412	64	12		1					H	2006-05-24		4-10	4.85	58.23	M	3	1					
106501	65	1		1					H	2002-11-05		1-02	1.19	14.26	M	4	1					
106502	65	2		1					H	2003-02-13		1-05	1.46	17.52	M	4	1					
106503	65	3		1					H	2003-07-01		1-10	1.84	22.13	M	4	1					
106504	65	4		1					H	2003-10-21		2-01	2.15	25.77	M	4	1					
106505	65	5		1					H	2004-02-23		2-05	2.49	29.84	M	4	1					
106506	65	6		1					H	2004-06-14		2-09	2.8	33.55	M	4	1					
106507	65	7		1					H	2004-11-04		3-02	3.19	38.23	M	4	1					
106508	65	8		1					H	2005-03-08		3-06	3.53	42.35	M	4	1					
106509	65	9		1					H	2005-07-05		3-10	3.85	46.26	M	4	1					
106510	65	10		1					H	2005-10-26		4-01	4.16	49.94	M	4	1					
106511	65	11		1					H	2006-03-16		4-06	4.55	54.61	M	4	1					
106512	65	12		1					H	2006-06-26		4-09	4.83	57.94	M	4	1					
106601	66	1		1					H	2002-11-12		1-01	1.24	14.9	M	3	1					
106602	66	2		1					H	2003-03-13		1-05	1.58	18.94	M	3	1					
106603	66	3		1					H	2003-07-22		1-10	1.93	23.23	M	3	1					
106604	66	4		1					H	2003-11-10		2-01	2.24	26.84	M	3	1					
106605	66	5		1					H	2004-03-15		2-06	2.58	31.0	M	4	1					
106606	66	6		1					H	2004-07-15		2-10	2.92	35.0	M	4	1					
106607	66	7		1					H	2004-11-20		3-02	3.27	39.16	M	4	1					
106608	66	8		1					H	2005-03-12		3-05	3.57	42.9	M	4	1					
106609	66	9		1					H	2005-08-13		3-10	3.99	47.94	M	5	1					
106610	66	10		1					H	2005-11-08		4-01	4.23	50.77	M	4	1					
106611	66	11		1					H	2006-03-16		4-06	4.58	55.03	M	4	1					
106612	66	12		1					H	2006-07-01		4-09	4.88	58.55	M	4	1					
106801	68	1		1					H	2002-10-15		1-02	1.17	14.0	M	2	1					
106802	68	2		1					H	2003-02-17		1-06	1.51	18.06	M	2	1					
106803	68	3		1					H	2003-06-16		1-10	1.84	22.03	M	2	1					
106804	68	4		1					H	2003-10-24		2-02	2.19	26.29	M	2	1					
106805	68	5		1					H	2004-03-05		2-06	2.56	30.68	M	2	1					
106806	68	6		1					H	2004-06-25		2-10	2.86	34.32	M	2	1					
106807	68	7		1					H	2004-10-15		3-02	3.17	38.0	M	2	1					
106808	68	8		1					H	2005-02-28		3-06	3.54	42.42	M	2	1					
106809	68	9		1					H	2005-06-27		3-10	3.87	46.39	M	2	1					
106810	68	10		1					H	2005-11-04		4-02	4.22	50.65	M	2	1					
106811	68	11		1					H	2006-03-02		4-06	4.55	54.58	M	2	1					
106812	68	12				1			H													
107201	72	1		1					H	2002-12-07		1-01	1.14	13.71	M	5	1					
107202	72	2		1					H	2003-04-10		1-05	1.48	17.81	M	5	1					
107203	72	3		1					H	2003-08-02		1-09	1.8	21.55	M	5	1					
107204	72	4		1					H	2003-12-13		2-01	2.16	25.9	M	5	1					
107205	72	5		1					H	2004-05-22		2-07	2.6	31.19	M	5	1					
107206	72	6		1					H	2004-08-14		2-09	2.83	33.94	M	5	1					
107207	72	7		1					H	2004-12-04		3-01	3.14	37.61	M	5	1					
107208	72	8		1					H	2005-04-02		3-05	3.46	41.55	M	5	1					
107209	72	9		1					H	2005-09-03		3-10	3.88	46.58	M	5	1					
107210	72	10		1					H	2005-12-10		4-01	4.15	49.81	M	5	1					
107211	72	11		1					H	2006-04-01		4-05	4.46	53.52	M	5	1					
107212	72	12		1					H	2006-07-15		4-08	4.75	56.97	M	5	1					
107301	73	1		1					H	2002-11-11		1-02	1.17	14.0	B	2	1		1			
107302	73	2		1					H	2003-03-04		1-05	1.48	17.77	B	2	1		1			
107303	73	3		1					H	2003-07-21		1-10	1.86	22.32	B	2	1		1			
107304	73	4		1					H	2003-11-12		2-02	2.17	26.03	B	2	1		1			
107305	73	5		1					H	2004-03-10		2-05	2.5	29.97	B	4	1		1			
107306	73	6		1					H	2004-07-31		2-10	2.89	34.65	B	2	1		1			
107307	73	7		1					H	2004-11-20		3-02	3.19	38.29	B	2	1		1			
107308	73	8		1					H	2005-03-19		3-06	3.52	42.26	B	2	1		1			
107309	73	9		1					H	2005-08-13		3-11	3.92	47.06	B	2	1		1			
107310	73	10		1					H	2005-12-17		4-03	4.27	51.19	B	2	1		1			
107311	73	11		1					H	2006-04-15		4-07	4.59	55.13	B	2	1		1			
107312	73	12		1					H	2006-09-23		5-00	5.03	60.39	B	2	1		1			
107401	74	1		1					H	2002-12-05		1-01	1.16	13.94	M	5	1					
107402	74	2		1					H	2003-03-31		1-05	1.48	17.77	M	5	1					
107403	74	3		1					H	2003-07-31		1-09	1.81	21.77	M	5	1					
107404	74	4		1					H	2003-12-09		2-02	2.17	26.06	M	5	1					
107405	74	5		1					H	2004-04-20		2-06	2.54	30.42	M	5	1					
107406	74	6		1					H	2004-08-10		2-10	2.84	34.1	M	5	1					
107407	74	7		1					H	2004-12-15		3-02	3.19	38.26	M	5	1					
107408	74	8		1					H	2005-04-12		3-06	3.51	42.16	M	5	1					
107409	74	9		1					H	2005-08-16		3-10	3.86	46.29	M	5	1					
107410	74	10		1					H	2005-12-12		4-02	4.18	50.16	M	5	1					
107411	74	11		1					H	2006-04-12		4-06	4.51	54.16	M	6	1					
107412	74	12		1					H	2006-09-06		4-10	4.92	58.97	M	6	1					
107501	75	1		1					H	2003-01-13		1-01	1.16	13.94	M	6	1					
107502	75	2		1					H	2003-05-12		1-05	1.49	17.9	M	6	1					
107503	75	3		1					H	2003-09-07		1-09	1.81	21.74	M	6	1					
107504	75	4		1					H	2004-01-12		2-01	2.16	25.9	M	6	1					
107505	75	5		1					H	2004-05-13		2-05	2.49	29.94	M	6	1					
107506	75	6		1					H	2004-09-29		2-10	2.87	34.45	M	6	1					
107507	75	7		1					H	2005-01-25		3-02	3.2	38.32	M	6	1					
107508	75	8		1					H	2005-05-25		3-06	3.52	42.32	M	6	1					
107509	75	9		1					H	2005-09-20		3-10	3.85	46.16	M	6	1					
107510	75	10		1					H	2006-02-02		4-02	4.22	50.58	M	6	1					
107511	75	11		1					H	2006-05-25		4-06	4.52	54.32	M	6	1					
107512	75	12		1					H	2006-09-20		4-10	4.85	58.16	M	6	1					
107601	76	1		1					H	2003-01-25		1-02	1.19	14.19	M	4						
107602	76	2		1					H	2003-06-14		1-06	1.57	18.84								
107603	76	3		1					H	2003-10-19		1-11	1.92	23.0								
107604	76	4		1					H	2004-02-15		2-02	2.24	26.87								
107605	76	5				1			H													
107606	76	6				1			H													
107607	76	7				1			H													
107608	76	8				1			H													
107609	76	9				1			H													
107610	76	10				1			H													
107611	76	11				1			H													
107612	76	12				1			H													
107701	77	1		1					H	2003-01-06		1-02	1.18	14.16	M	1	1					
107702	77	2		1					H	2003-05-07		1-06	1.51	18.19	M	1	1					
107703	77	3		1					H	2003-09-03		1-10	1.84	22.06	M	1	1					
107704	77	4		1					H	2004-01-16		2-02	2.21	26.48	M	1	1					
107705	77	5		1					H	2004-04-26		2-05	2.49	29.81	M	1	1					
107706	77	6		1					H	2004-08-24		2-09	2.81	33.74	M	1	1					
107707	77	7		1					H	2005-01-10		3-02	3.19	38.29	M	1	1					
107708	77	8		1					H	2005-05-01		3-06	3.5	42.0	M	1	1					
107709	77	9		1					H	2005-08-23		3-09	3.81	45.71	M	1	1					
107710	77	10		1					H	2006-01-12		4-02	4.2	50.35	M	1	1					
107711	77	11		1					H	2006-05-21		4-06	4.55	54.65	M	1	1					
107712	77	12		1					H	2006-09-10		4-10	4.86	58.29	M	1	1					
107801	78	1		1					H	2002-11-14		1-02	1.2	14.35	M	2	1					
107802	78	2		1					H	2003-03-13		1-06	1.52	18.32	M	2	1					
107803	78	3		1					H	2003-07-17		1-10	1.87	22.45	M	2	1					
107804	78	4		1					H	2003-11-05		2-02	2.17	26.06	M	2	1					
107805	78	5		1					H	2004-03-02		2-05	2.5	29.97	M	3	1					
107806	78	6		1					H	2004-07-07		2-10	2.84	34.13	M	3	1					
107807	78	7		1					H	2004-11-10		3-02	3.19	38.23	M	3	1					
107808	78	8		1					H	2005-04-05		3-07	3.59	43.06	M	3	1					
107809	78	9		1					H	2005-07-12		3-10	3.86	46.29	M	3	1					
107810	78	10		1					H	2005-11-29		4-02	4.24	50.84	M	3	1					
107811	78	11		1					H	2006-03-07		4-06	4.51	54.13	M	3	1					
107812	78	12		1					H	2006-08-04		4-11	4.92	59.03	M	3	1					
107901	79	1		1					H	2003-01-15		1-02	1.19	14.26	M	6	1					
107902	79	2		1					H	2003-05-20		1-06	1.53	18.42	M	6	1					
107903	79	3				1			H													
107904	79	4		1					H	2004-01-12		2-02	2.18	26.16	M	6	1					
107905	79	5		1					H	2004-05-07		2-06	2.5	30.0	M	6	1					
107906	79	6		1					H	2004-08-23		2-09	2.8	33.52	M	6	1					
107907	79	7		1					H	2005-02-24		3-03	3.3	39.55	M	6	1					
107908	79	8		1					H	2005-05-04		3-05	3.49	41.9	M	6	1					
107909	79	9		1					H	2005-09-16		3-10	3.86	46.29	M	6	1					
107910	79	10		1					H	2006-01-19		4-02	4.2	50.39	M	6	1					
107911	79	11		1					H	2006-05-16		4-06	4.52	54.29	M	6	1					
107912	79	12		1					H	2006-09-13		4-10	4.85	58.19	M	6	1					
108001	80	1		1					H	2003-02-06		1-02	1.2	14.32	M	2	1					
108002	80	2		1					H	2003-06-14		1-06	1.55	18.58	M	2	1					
108003	80	3		1					H	2003-09-20		1-09	1.81	21.77	M	2	1					
108004	80	4		1					H	2004-02-04		2-02	2.19	26.26	M	2	1					
108005	80	5		1					H	2004-05-25		2-05	2.49	29.94	M	1	1					
108006	80	6		1					H	2004-10-09		2-10	2.87	34.42	M	3	1					
108007	80	7		1					H	2005-02-22		3-02	3.24	38.84	M	3	1					
108008	80	8		1					H	2005-07-13		3-07	3.63	43.55	M	3	1					
108009	80	9		1					H	2005-10-29		3-11	3.92	47.06	M	3	1					
108010	80	10		1					H	2006-02-13		4-02	4.22	50.55	M	3	1					
108011	80	11		1					H	2006-06-06		4-06	4.52	54.32	M	3	1					
108012	80	12		1					H	2006-11-18		4-11	4.98	59.71	M	3	1					
108101	81	1		1					H	2003-02-13		1-02	1.2	14.39	M	2	1					
108102	81	2		1					H	2003-05-22		1-05	1.47	17.68	M	2	1					
108103	81	3		1					H	2003-09-23		1-09	1.81	21.71	M	2	1					
108104	81	4				1			H													
108105	81	5		1					H	2004-05-27		2-05	2.49	29.84	M	2	1					
108106	81	6		1					H	2004-10-03		2-10	2.84	34.06	M	1	1					
108107	81	7		1					H	2005-02-02		3-02	3.17	38.03	M	1	1					
108108	81	8		1					H	2005-06-03		3-06	3.51	42.06	M	1	1					
108109	81	9		1					H	2005-09-28		3-09	3.83	45.87	M	1	1					
108110	81	10		1					H	2006-02-09		4-02	4.19	50.26	M	1	1					
108111	81	11		1					H	2006-06-23		4-06	4.56	54.71	M	1	1					
108112	81	12		1					H	2006-09-18		4-09	4.8	57.55	M	2	1					
108201	82	1		1					H	2002-12-02		1-01	1.13	13.52	M	1	1					
108202	82	2		1					H	2003-04-10		1-05	1.48	17.77	M	1	1					
108203	82	3		1					H	2003-08-12		1-09	1.82	21.84	M	1	1					
108204	82	4		1					H	2003-12-17		2-02	2.17	26.0	M	1	1					
108205	82	5		1					H	2004-06-02		2-07	2.63	31.52	M	1	1					
108206	82	6		1					H	2004-09-07		2-10	2.89	34.68	M	1	1					
108207	82	7		1					H	2004-12-09		3-01	3.15	37.74	M	1	1					
108208	82	8		1					H	2005-04-26		3-06	3.52	42.29	M	1	1					
108209	82	9		1					H	2005-08-10		3-09	3.81	45.77	M	1	1					
108210	82	10		1					H	2005-12-14		4-01	4.16	49.9	M	1	1					
108211	82	11		1					H	2006-04-11		4-05	4.48	53.81	M	1	1					
108212	82	12		1					H	2006-08-04		4-09	4.8	57.58	M	2	1					
108301	83	1		1					H	2002-10-19		1-02	1.18	14.19	M	4	1					
108302	83	2		1					H	2003-02-22		1-06	1.53	18.29	M		1					
108303	83	3		1					H	2003-07-19		1-11	1.93	23.19	M		1					
108304	83	4		1					H	2003-10-18		2-02	2.18	26.16	M		1					
108305	83	5		1					H	2004-03-06		2-06	2.57	30.77	M		1					
108306	83	6		1					H	2004-06-26		2-10	2.87	34.42	M		1					
108307	83	7		1					H	2004-10-16		3-02	3.18	38.1	M		1					
108308	83	8		1					H	2005-02-26		3-06	3.54	42.42	M		1					
108309	83	9		1					H	2005-07-16		3-11	3.92	47.1	M		1					
108310	83	10		1					H	2005-10-29		4-02	4.21	50.52	M		1					
108311	83	11		1					H	2006-02-18		4-06	4.52	54.16	M		1					
108312	83	12		1					H	2006-06-10		4-09	4.83	57.9	M		1					
108401	84	1		1					H	2002-11-21		1-02	1.19	14.26	M	6	1					
108402	84	2		1					H	2003-03-11		1-05	1.49	17.94	M	6	1					
108403	84	3		1					H	2003-07-29		1-10	1.87	22.52	M	6	1					
108404	84	4		1					H	2003-11-17		2-02	2.18	26.13	M	6	1					
108405	84	5		1					H	2004-03-16		2-06	2.51	30.1	M	6	1					
108406	84	6		1					H	2004-07-15		2-10	2.84	34.06	M	6	1					
108407	84	7		1					H	2004-11-23		3-02	3.2	38.32	M	6	1					
108408	84	8		1					H	2005-03-15		3-06	3.5	42.06	M	6	1					
108409	84	9		1					H	2005-07-06		3-09	3.81	45.77	M	6	1					
108410	84	10		1					H	2005-11-15		4-02	4.17	50.06	M	6	1					
108411	84	11		1					H	2006-03-14		4-06	4.5	54.03	M	6	1					
108412	84	12		1					H	2006-07-12		4-09	4.83	57.97	M	6	1					
108501	85	1		1					H	2003-02-11		1-01	1.15	13.71	M	2	1					
108502	85	2		1					H	2003-07-01		1-06	1.53	18.39	M	2	1					
108503	85	3		1					H	2003-10-28		1-10	1.86	22.26	M	2	1					
108504	85	4		1					H	2004-02-19		2-01	2.17	25.97	M	2	1					
108505	85	5		1					H	2004-06-14		2-05	2.49	29.81	M	2	1					
108506	85	6		1					H	2004-10-20		2-10	2.84	34.0	M	2	1					
108507	85	7		1					H	2005-03-01		3-02	3.2	38.39	M	2	1					
108508	85	8		1					H	2005-06-21		3-06	3.5	42.03	M	2	1					
108509	85	9		1					H	2005-10-30		3-10	3.86	46.32	M	2	1					
108510	85	10		1					H	2006-03-06		4-02	4.21	50.55	M	2	1					
108511	85	11		1					H	2006-06-29		4-06	4.52	54.29	M	2	1					
108512	85	12		1					H	2006-11-09		4-10	4.89	58.65	M	2	1					
108701	87	1		1					H	2002-11-25		1-02	1.18	14.19	M	1	1					
108702	87	2		1					H	2003-03-01		1-05	1.45	17.42	M	1	1					
108703	87	3				1			H													
108704	87	4		1					H	2003-11-18		2-01	2.16	25.97	M	1	1					
108705	87	5		1					H	2004-03-26		2-06	2.52	30.23	M	1	1					
108706	87	6		1					H	2004-08-13		2-10	2.9	34.81	M	1	1					
108707	87	7		1					H	2004-11-11		3-01	3.15	37.74	M	2	1					
108708	87	8		1					H	2005-03-08		3-05	3.47	41.65	M	1	1					
108709	87	9		1					H	2005-07-11		3-09	3.81	45.74	M	1	1					
108710	87	10		1					H	2005-11-11		4-01	4.14	49.74	M	1	1					
108711	87	11		1					H	2006-03-29		4-06	4.52	54.32	M	2	1					
108712	87	12		1					H	2006-07-31		4-10	4.86	58.39	M	2	1					
108801	88	1		1					H	2003-01-16		1-02	1.17	14.03	M	5	1					
108802	88	2		1					H	2003-05-22		1-06	1.52	18.23	M	5	1					
108803	88	3		1					H	2003-09-23		1-10	1.86	22.26	M	5	1					
108804	88	4		1					H	2004-01-21		2-02	2.19	26.19	M	4	1					
108805	88	5		1					H	2004-05-18		2-06	2.51	30.1	M	5	1					
108806	88	6		1					H	2004-09-16		2-10	2.84	34.03	M	5	1					
108807	88	7		1					H	2005-01-14		3-01	3.17	37.97	M	5	1					
108808	88	8		1					H	2005-05-24		3-06	3.52	42.29	M	5	1					
108809	88	9		1					H	2005-09-29		3-10	3.87	46.45	M	5	1					
108810	88	10		1					H	2006-01-17		4-02	4.17	50.06	M	5	1					
108811	88	11		1					H	2006-05-18		4-06	4.51	54.1	M	5	1					
108812	88	12		1					H	2006-09-19		4-10	4.84	58.13	M	5	1					
108901	89	1		1					H	2002-10-07		1-02	1.18	14.13	M	3	1					
108902	89	2		1					H	2003-02-19		1-06	1.55	18.52	M	3	1					
108903	89	3		1					H	2003-06-12		1-10	1.86	22.29	M	3	1					
108904	89	4		1					H	2003-10-08		2-02	2.18	26.16	M	3	1					
108905	89	5		1					H	2004-02-18		2-06	2.55	30.48	M	3	1					
108906	89	6		1					H	2004-07-14		2-11	2.95	35.35	M	3	1					
108907	89	7		1					H	2004-10-20		3-02	3.22	38.55	M	3	1					
108908	89	8		1					H	2005-02-10		3-06	3.52	42.23	M	3	1					
108909	89	9		1					H	2005-06-29		3-10	3.9	46.84	M	3	1					
108910	89	10		1					H	2005-10-27		4-02	4.23	50.77	M	3	1					
108911	89	11				1			H													
108912	89	12		1					H	2006-06-29		4-10	4.9	58.84	M	6	1					
109101	91	1		1					H	2002-12-17		1-02	1.2	14.45	M	6	1					
109102	91	2		1					H	2003-04-11		1-06	1.52	18.26	M	6	1					
109103	91	3		1					H	2003-08-05		1-10	1.84	22.06	M	6	1					
109104	91	4		1					H	2003-12-15		2-02	2.2	26.39	M	6	1					
109105	91	5		1					H	2004-04-02		2-05	2.5	29.97	M	6	1					
109106	91	6		1					H	2004-07-28		2-09	2.82	33.81	M	6	1					
109107	91	7		1					H	2004-12-09		3-02	3.19	38.19	M	6	1					
109108	91	8				1			H													
109109	91	9				1			H													
109110	91	10				1			H													
109111	91	11				1			H													
109112	91	12				1			H													
109201	92	1		1					H	2002-12-11		1-01	1.14	13.74	M	6	1					
109202	92	2		1					H	2003-04-12		1-05	1.48	17.77	M	6	1					
109203	92	3		1					H	2003-09-05		1-10	1.88	22.55	M	6	1					
109204	92	4		1					H	2003-12-17		2-01	2.16	25.94	M	5	1					
109205	92	5		1					H	2004-04-14		2-05	2.49	29.84	M	5	1					
109206	92	6		1					H	2004-08-19		2-10	2.84	34.0	M	5	1					
109207	92	7		1					H	2004-12-09		3-01	3.14	37.68	M	5	1					
109208	92	8		1					H	2005-04-19		3-06	3.5	42.0	M	5	1					
109209	92	9		1					H	2005-08-09		3-09	3.81	45.68	M	5	1					
109210	92	10		1					H	2006-01-13		4-02	4.24	50.81	M	5	1					
109211	92	11		1					H	2006-04-13		4-05	4.48	53.81	M	5	1					
109212	92	12		1					H	2006-08-28		4-10	4.86	58.29	M	5	1					
109301	93	1		1					H	2002-11-15		1-03	1.27	15.26	M	6	1					
109302	93	2		1					H	2003-03-03		1-06	1.57	18.87	M	6	1					
109303	93	3		1					H	2003-07-16		1-11	1.94	23.29	M	6	1					
109304	93	4		1					H	2003-10-29		2-02	2.23	26.71	M	6	1					
109305	93	5		1					H	2004-03-02		2-06	2.57	30.84	M	5	1					
109306	93	6		1					H	2004-06-29		2-10	2.9	34.71	M	5	1					
109307	93	7		1					H	2004-11-04		3-02	3.25	38.9	M	6	1					
109308	93	8		1					H	2005-02-22		3-06	3.55	42.48	M	6	1					
109309	93	9		1					H	2005-06-16		3-10	3.86	46.29	M	5	1					
109310	93	10		1					H	2005-12-13		4-04	4.35	52.19	M	5	1					
109311	93	11		1					H	2006-02-20		4-06	4.54	54.42	M	5	1					
109312	93	12		1					H	2006-06-13		4-10	4.85	58.19	M	5	1					
109401	94	1				1			H													
109402	94	2				1			H													
109403	94	3		1					H	2002-10-25		2-00	2.0	24.03	M	4	1					
109404	94	4		1					H	2003-01-17		2-02	2.23	26.77	M	4	1					
109405	94	5		1					H	2003-05-23		2-06	2.58	30.97	M	4	1					
109406	94	6		1					H	2003-09-22		2-10	2.91	34.94	M	4	1					
109407	94	7		1					H	2004-01-12		3-02	3.22	38.61	M	4	1					
109408	94	8		1					H	2004-05-17		3-06	3.56	42.77	M	4	1					
109409	94	9		1					H	2004-09-28		3-11	3.93	47.13	M	4	1					
109410	94	10		1					H	2005-02-09		4-03	4.3	51.52	M	4	1					
109411	94	11		1					H	2005-05-10		4-06	4.54	54.55	M	4	1					
109412	94	12		1					H	2005-09-06		4-10	4.87	58.42	M	4	1					
109501	95	1				1			H													
109502	95	2				1			H													
109503	95	3				1			H													
109504	95	4				1			H													
109505	95	5				1			H													
109506	95	6		1					H	2002-11-23		2-11	2.98	35.81	M	3	1					
109507	95	7		1					H	2003-02-08		3-02	3.2	38.32	M	3	1					
109508	95	8		1					H	2003-06-06		3-06	3.52	42.26	M	3	1					
109509	95	9		1					H	2003-10-24		3-10	3.9	46.84	M	3	1					
109510	95	10		1					H	2004-02-20		4-02	4.23	50.71	M	3	1					
109511	95	11		1					H	2004-06-15		4-06	4.55	54.55	M	4	1					
109512	95	12		1					H	2004-10-01		4-10	4.84	58.1	M	4	1					
109801	98	1				1			H													
109802	98	2				1			H													
109803	98	3				1			H													
109804	98	4				1			H													
109805	98	5				1			H													
109806	98	6				1			H													
109807	98	7				1			H													
109808	98	8				1			H													
109809	98	9				1			H													
109810	98	10				1			H													
109811	98	11				1			H													
109812	98	12		1					H	2002-12-06		4-09	4.76	57.06								
109901	99	1				1			H													
109902	99	2				1			H													
109903	99	3				1			H													
109904	99	4				1			H													
109905	99	5				1			H													
109906	99	6		1					H	2002-12-13		2-10	2.84	34.19	M	3	1					
109907	99	7		1					H	2003-05-02		3-02	3.23	38.84	M	3	1					
109908	99	8		1					H	2003-09-30		3-07	3.64	43.74	M	3	1					
109909	99	9		1					H	2004-01-16		3-11	3.94	47.29	M	3	1					
109910	99	10		1					H	2004-04-09		4-02	4.17	50.06	M	3	1					
109911	99	11		1					H	2004-08-10		4-06	4.51	54.1	M	3	1					
109912	99	12		1					H	2004-12-07		4-10	4.83	58.0	M	3	1					
110001	100	1		1					H	2002-11-20		1-02	1.21	14.48	M	5	1					
110002	100	2		1					H	2003-03-08		1-06	1.51	18.1	M	5	1					
110003	100	3		1					H	2003-07-18		1-10	1.87	22.42	M	5	1					
110004	100	4		1					H	2003-11-21		2-02	2.21	26.52	M	5	1					
110005	100	5		1					H	2004-03-19		2-06	2.54	30.45	M	5	1					
110006	100	6		1					H	2004-07-16		2-10	2.86	34.35	M	5	1					
110007	100	7		1					H	2004-11-13		3-02	3.19	38.26	M	4	1					
110008	100	8		1					H	2005-03-11		3-06	3.51	42.19	M	5	1					
110009	100	9		1					H	2005-07-08		3-10	3.84	46.1	M	5	1					
110010	100	10		1					H	2005-11-04		4-01	4.16	49.97	M	5	1					
110011	100	11		1					H	2006-03-24		4-06	4.55	54.61	M	5	1					
110012	100	12		1					H	2006-06-24		4-09	4.8	57.61	M	5	1					
110201	102	1		1					H	2002-11-19		1-02	1.2	14.42	M	1	1					
110202	102	2		1					H	2003-03-06		1-06	1.5	18.0	M	1	1					
110203	102	3		1					H	2003-07-17		1-10	1.86	22.35	M	1	1					
110204	102	4		1					H	2003-11-13		2-02	2.19	26.23	M	1	1					
110205	102	5		1					H	2004-03-09		2-06	2.51	30.1	M	1	1					
110206	102	6		1					H	2004-07-13		2-10	2.85	34.23	M	1	1					
110207	102	7		1					H	2004-11-10		3-02	3.18	38.13	M	2	1					
110208	102	8		1					H	2005-03-22		3-06	3.54	42.52	M	2	1					
110209	102	9		1					H	2005-06-24		3-09	3.8	45.58	M	2	1					
110210	102	10		1					H	2005-11-02		4-01	4.16	49.87	M	2	1					
110211	102	11		1					H	2006-02-22		4-05	4.46	53.52	M	3	1					
110212	102	12		1					H	2006-06-30		4-09	4.81	57.77	M	3	1					
110301	103	1		1					H	2003-02-10		1-02	1.17	14.0	M	4	1					
110302	103	2		1					H	2003-06-06		1-05	1.49	17.87	M	4	1					
110303	103	3		1					H	2003-10-13		1-10	1.84	22.1	M	4	1					
110304	103	4		1					H	2004-02-13		2-02	2.18	26.1	M	4	1					
110305	103	5		1					H	2004-06-07		2-05	2.49	29.9	M	4	1					
110306	103	6		1					H	2004-10-15		2-10	2.85	34.16	M	4	1					
110307	103	7		1					H	2005-02-24		3-02	3.21	38.45	M	5	1					
110308	103	8		1					H	2005-06-09		3-05	3.5	41.97	M	4	1					
110309	103	9		1					H	2005-10-15		3-10	3.85	46.16	M	4	1					
110310	103	10		1					H	2006-02-11		4-02	4.17	50.03	M	4	1					
110311	103	11		1					H	2006-06-03		4-05	4.48	53.77	M	4	1					
110312	103	12		1					H	2006-10-21		4-10	4.86	58.35	M	4	1					
110501	105	1		1					H	2002-12-09		1-02	1.17	14.0	M	4	1					
110502	105	2		1					H	2003-04-01		1-05	1.48	17.74	M	4	1					
110503	105	3		1					H	2003-08-11		1-10	1.84	22.06	M	4	1					
110504	105	4		1					H	2003-12-10		2-02	2.17	26.03	M	4	1					
110505	105	5		1					H	2004-04-05		2-05	2.49	29.87	M	4	1					
110506	105	6		1					H	2004-08-04		2-09	2.82	33.84	M	4	1					
110507	105	7		1					H	2004-12-15		3-02	3.19	38.19	M	4	1					
110508	105	8		1					H	2005-05-06		3-06	3.57	42.9	M	4	1					
110509	105	9		1					H	2005-08-19		3-10	3.86	46.32	M	4	1					
110510	105	10		1					H	2006-01-12		4-03	4.26	51.1	M	4	1					
110511	105	11		1					H	2006-04-24		4-06	4.54	54.48	M	4	1					
110512	105	12		1					H	2006-09-21		4-11	4.95	59.39	M	4	1					
110601	106	1		1					H	2002-11-07		1-02	1.2	14.39	M	4	1					
110602	106	2		1					H	2003-02-27		1-06	1.51	18.03	M	4	1					
110603	106	3		1					H	2003-06-30		1-10	1.84	22.13	M	4	1					
110604	106	4		1					H	2003-11-12		2-02	2.21	26.55	M	4	1					
110605	106	5		1					H	2004-03-04		2-06	2.52	30.29	M	4	1					
110606	106	6		1					H	2004-07-01		2-10	2.85	34.19	M	4	1					
110607	106	7		1					H	2004-10-27		3-02	3.17	38.03	M	4	1					
110608	106	8		1					H	2005-03-02		3-06	3.52	42.23	M	4	1					
110609	106	9		1					H	2005-06-06		3-09	3.78	45.35	M	4	1					
110610	106	10		1					H	2005-11-14		4-02	4.22	50.61	M	4	1					
110611	106	11		1					H	2006-03-13		4-06	4.55	54.58	M	4	1					
110612	106	12		1					H	2006-07-12		4-10	4.88	58.55	M	4	1					
110701	107	1		1					H	2003-01-09		1-02	1.17	14.03	M	4	1					
110702	107	2		1					H	2003-05-02		1-05	1.48	17.81	M	4	1					
110703	107	3		1					H	2003-09-09		1-10	1.84	22.03	M	4	1					
110704	107	4		1					H	2004-01-15		2-02	2.19	26.23	M	5	1					
110705	107	5		1					H	2004-05-12		2-06	2.51	30.13	M	5	1					
110706	107	6		1					H	2004-09-10		2-10	2.84	34.06	M	5	1					
110707	107	7		1					H	2005-01-24		3-02	3.21	38.52	M	5	1					
110708	107	8		1					H	2005-05-20		3-06	3.53	42.39	M	5	1					
110709	107	9		1					H	2005-10-07		3-10	3.91	46.97	M	5	1					
110710	107	10		1					H	2006-01-13		4-02	4.18	50.16	M	5	1					
110711	107	11		1					H	2006-05-24		4-06	4.54	54.52	M	5	1					
110712	107	12		1					H	2006-10-05		4-10	4.91	58.9	M	4	1					
110801	108	1		1					H	2003-01-20		1-02	1.18	14.13	B	3	1		1			
110802	108	2		1					H	2003-05-19		1-06	1.51	18.1	B	3	1		1			
110803	108	3		1					H	2003-09-13		1-09	1.83	21.9	B	3	1		1			
110804	108	4		1					H	2004-01-20		2-02	2.18	26.13	B	4	1		1			
110805	108	5		1					H	2004-05-19		2-06	2.51	30.1	B	4	1		1			
110806	108	6		1					H	2004-09-20		2-10	2.85	34.13	B	4	1		1			
110807	108	7		1					H	2005-01-20		3-02	3.18	38.13	B	4	1		1			
110808	108	8		1					H	2005-06-02		3-06	3.54	42.55	B	4	1		1			
110809	108	9		1					H	2005-09-27		3-10	3.86	46.35	B	4	1		1			
110810	108	10		1					H	2006-02-23		4-03	4.27	51.23	B	5	1		1			
110811	108	11		1					H	2006-04-24		4-05	4.44	53.26	B	5	1		1			
110812	108	12		1					H	2006-10-30		4-11	4.95	59.45	B	5	1		1			
110901	109	1		1					H	2003-01-16		1-02	1.2	14.35	M	4	1					
110902	109	2		1					H	2003-05-01		1-05	1.49	17.87	M	4	1					
110903	109	3		1					H	2003-09-04		1-09	1.83	21.97	M	4	1					
110904	109	4		1					H	2004-01-22		2-02	2.22	26.55	M	4	1					
110905	109	5		1					H	2004-05-20		2-06	2.54	30.48	M	4	1					
110906	109	6		1					H	2004-09-03		2-09	2.83	33.94	M	4	1					
110907	109	7		1					H	2005-01-21		3-02	3.21	38.52	M	4	1					
110908	109	8		1					H	2005-05-06		3-06	3.5	42.03	M	4	1					
110909	109	9		1					H	2005-09-12		3-10	3.85	46.23	M	4	1					
110910	109	10		1					H	2006-01-04		4-01	4.17	49.97	M	4	1					
110911	109	11		1					H	2006-05-11		4-06	4.51	54.19	M	4	1					
110912	109	12		1					H	2006-09-29		4-10	4.9	58.77	M	4	1					
111001	110	1		1					H	2003-01-28		1-01	1.17	13.97	M	5						
111002	110	2		1					H	2003-05-20		1-05	1.47	17.71								
111003	110	3		1					H	2003-10-06		1-10	1.85	22.26								
111004	110	4		1					H	2004-02-25		2-02	2.24	26.87								
111005	110	5				1			H													
111006	110	6				1			H													
111007	110	7				1			H													
111008	110	8				1			H													
111009	110	9				1			H													
111010	110	10				1			H													
111011	110	11				1			H													
111012	110	12				1			H													
111501	115	1				1			H													
111502	115	2				1			H													
111503	115	3				1			H													
111504	115	4				1			H													
111505	115	5				1			H													
111506	115	6		1					H	2003-03-14		2-10	2.87	34.42	M	6	1					
111507	115	7		1					H	2003-08-22		3-03	3.31	39.68	M	6	1					
111508	115	8		1					H	2003-12-10		3-07	3.61	43.29	M	6	1					
111509	115	9		1					H	2004-03-19		3-10	3.88	46.58	M	6	1					
111510	115	10		1					H	2004-08-16		4-03	4.29	51.48	M	6	1					
111511	115	11		1					H	2004-12-10		4-07	4.61	55.29	M	6	1					
111512	115	12		1					H	2005-04-29		4-11	4.99	59.9	M	6	1					
111601	116	1				1			H													
111602	116	2				1			H													
111603	116	3				1			H													
111604	116	4				1			H													
111605	116	5				1			H													
111606	116	6				1			H													
111607	116	7		1					H	2003-04-17		3-01	3.1	37.23	M	6	1					
111608	116	8		1					H	2003-10-01		3-06	3.56	42.71	M	6	1					
111609	116	9		1					H	2004-01-21		3-10	3.87	46.35	M	6	1					
111610	116	10		1					H	2004-05-27		4-02	4.21	50.55	M	6	1					
111611	116	11		1					H	2004-10-01		4-06	4.56	54.71	M	6	1					
111612	116	12		1					H	2005-02-21		4-11	4.95	59.35	M	6	1					
111701	117	1				1			H													
111702	117	2				1			H													
111703	117	3				1			H													
111704	117	4		1					H	2003-05-15		2-01	2.1	25.19	M		1					
111705	117	5		1					H	2003-09-29		2-05	2.47	29.65	M		1					
111706	117	6		1					H	2004-03-05		2-10	2.91	34.87	M	4	1					
111707	117	7		1					H	2004-06-10		3-02	3.17	38.03	M	4	1					
111708	117	8		1					H	2004-10-13		3-06	3.51	42.13	M	4	1					
111709	117	9		1					H	2005-02-23		3-10	3.88	46.45	M	4	1					
111710	117	10		1					H	2005-05-25		4-01	4.13	49.52	M	4	1					
111711	117	11		1					H	2005-10-17		4-06	4.52	54.26	M	4	1					
111712	117	12		1					H	2006-02-23		4-10	4.88	58.45	M	4	1					
111901	119	1		1					H	2003-06-05		1-01	1.16	13.9	M	5	1					
111902	119	2		1					H	2003-10-07		1-05	1.5	17.97	M		1					
111903	119	3		1					H	2004-01-27		1-09	1.81	21.61	M		1					
111904	119	4		1					H	2004-06-07		2-01	2.17	25.97	M		1					
111905	119	5		1					H	2004-10-12		2-06	2.51	30.13	M		1					
111906	119	6		1					H	2005-02-09		2-10	2.84	34.03	M		1					
111907	119	7		1					H	2005-07-11		3-03	3.26	39.1	M		1					
111908	119	8		1					H	2005-10-20		3-06	3.53	42.39	M		1					
111909	119	9		1					H	2006-02-23		3-10	3.88	46.48	M		1					
111910	119	10		1					H	2006-06-19		4-02	4.2	50.35	M	6	1					
111911	119	11		1					H	2006-10-30		4-06	4.56	54.71	M	6	1					
111912	119	12		1					H	2007-02-27		4-10	4.89	58.61	M	6	1					
112101	121	1				1			H													
112102	121	2				1			H													
112103	121	3				1			H													
112104	121	4		1					H	2003-06-26		2-02	2.22	26.68	M	4	1					
112105	121	5		1					H	2003-11-05		2-07	2.58	31.0	M	4	1					
112106	121	6		1					H	2004-03-15		2-11	2.95	35.32	M	4	1					
112107	121	7		1					H	2004-06-09		3-02	3.18	38.13	M	4	1					
112108	121	8		1					H	2004-10-12		3-06	3.52	42.23	M	4	1					
112109	121	9		1					H	2005-02-08		3-10	3.85	46.1	M	4	1					
112110	121	10		1					H	2005-06-07		4-02	4.17	50.06	M	4	1					
112111	121	11		1					H	2005-10-12		4-06	4.52	54.23	M	4	1					
112112	121	12		1					H	2006-02-06		4-10	4.84	58.03	M	3	1					
112301	123	1		1					H	2003-06-24		1-02	1.24	14.87	M	6	1					
112302	123	2		1					H	2003-10-01		1-06	1.51	18.13	M	6	1					
112303	123	3		1					H	2004-02-02		1-10	1.85	22.16	M	6	1					
112304	123	4		1					H	2004-06-07		2-02	2.2	26.32	M	6	1					
112305	123	5		1					H	2004-10-07		2-06	2.53	30.32	M	6	1					
112306	123	6		1					H	2005-02-03		2-10	2.86	34.19	M	6	1					
112307	123	7				1			H													
112308	123	8				1			H													
112309	123	9				1			H													
112310	123	10				1			H													
112311	123	11				1			H													
112312	123	12				1			H													
112401	124	1		1					H	2003-06-25		1-03	1.27	15.16	M	2	1					
112402	124	2		1					H	2003-10-03		1-06	1.54	18.45	M	3	1					
112403	124	3		1					H	2004-02-29		1-11	1.95	23.29	M	3	1					
112404	124	4				1			H													
112405	124	5		1					H	2004-10-24		2-07	2.6	31.13	M	2	1					
112406	124	6		1					H	2005-01-30		2-10	2.87	34.32	M	3	1					
112407	124	7		1					H	2005-06-02		3-02	3.2	38.42	M	3	1					
112408	124	8		1					H	2005-09-16		3-05	3.49	41.87	M	3	1					
112409	124	9		1					H	2006-01-28		3-10	3.86	46.26	M	3	1					
112410	124	10		1					H	2006-05-06		4-01	4.13	49.55	M	3	1					
112411	124	11				1			H													
112412	124	12		1					H	2007-01-15		4-09	4.83	57.84	M	3	1					
112501	125	1		1					H	2003-07-17		1-02	1.23	14.77	M	6	1					
112502	125	2		1					H	2003-11-12		1-06	1.55	18.61	M	6	1					
112503	125	3		1					H	2004-02-26		1-10	1.84	22.06	M	6	1					
112504	125	4		1					H	2004-07-13		2-02	2.22	26.65	M	6	1					
112505	125	5		1					H	2004-10-25		2-06	2.51	30.03	M	6	1					
112506	125	6		1					H	2005-03-09		2-10	2.87	34.52	M	6	1					
112507	125	7		1					H	2005-07-11		3-02	3.21	38.58	M	6	1					
112508	125	8		1					H	2005-11-05		3-06	3.53	42.39	M	6	1					
112509	125	9		1					H	2006-03-07		3-10	3.87	46.45	M	6	1					
112510	125	10		1					H	2006-06-30		4-02	4.18	50.19	M	6	1					
112511	125	11		1					H	2006-11-20		4-06	4.57	54.87	M	6	1					
112512	125	12		1					H	2007-02-25		4-10	4.84	58.03	M	6	1					
112601	126	1		1					H	2003-07-07		1-01	1.16	13.94	B	2	1		1			
112602	126	2				1			H													
112603	126	3		1					H	2004-03-21		1-10	1.87	22.39	B	2	1		1			
112604	126	4		1					H	2004-06-28		2-01	2.14	25.61	B	2	1		1			
112605	126	5		1					H	2004-11-15		2-06	2.52	30.19	B	2	1		1			
112606	126	6		1					H	2005-03-23		2-10	2.87	34.45	B	2	1		1			
112607	126	7		1					H	2005-06-27		3-01	3.13	37.58	B	2	1		1			
112608	126	8		1					H	2005-11-16		3-06	3.52	42.23	B	2	1		1			
112609	126	9				1			H													
112610	126	10				1			H													
112611	126	11				1			H													
112612	126	12				1			H													
112701	127	1		1					H	2003-07-24		1-04	1.34	16.1	M	4	1					
112702	127	2		1					H	2003-10-02		1-06	1.53	18.39	M	4	1					
112703	127	3		1					H	2004-01-20		1-09	1.84	21.97	M	4	1					
112704	127	4		1					H	2004-05-13		2-01	2.15	25.74	M	4	1					
112705	127	5		1					H	2004-09-21		2-06	2.51	30.0	M	4	1					
112706	127	6		1					H	2005-01-21		2-10	2.84	34.0	M	4	1					
112707	127	7		1					H	2005-05-20		3-01	3.16	37.97	M	4	1					
112708	127	8		1					H	2005-09-23		3-06	3.51	42.06	M	4	1					
112709	127	9		1					H	2006-01-18		3-09	3.83	45.9	M	4	1					
112710	127	10		1					H	2006-05-25		4-02	4.18	50.13	M	4	1					
112711	127	11		1					H	2006-09-26		4-06	4.52	54.16	M	4	1					
112712	127	12		1					H	2007-02-13		4-10	4.9	58.74	M	4	1					
112901	129	1				1			H													
112902	129	2				1			H													
112903	129	3				1			H													
112904	129	4				1			H													
112905	129	5				1			H													
112906	129	6				1			H													
112907	129	7		1					H	2003-08-05		3-01	3.12	37.45	M	6	1					
112908	129	8		1					H	2004-01-26		3-07	3.6	43.13	M	6	1					
112909	129	9		1					H	2004-05-24		3-11	3.92	47.06	M	6	1					
112910	129	10				1			H													
112911	129	11		1					H	2004-12-13		4-05	4.48	53.71	M	6	1					
112912	129	12		1					H	2005-04-18		4-09	4.82	57.87	M	6	1					
113201	132	1				1			H													
113202	132	2		1					H	2003-12-06		1-06	1.5	18.0	B	6	1		1			
113203	132	3		1					H	2004-05-01		1-10	1.9	22.84	B	6	1		1			
113204	132	4		1					H	2004-08-26		2-02	2.22	26.65	M	5	1					
113205	132	5		1					H	2004-12-18		2-06	2.54	30.39	M	5	1					
113206	132	6		1					H	2005-04-11		2-10	2.85	34.16	M	5	1					
113207	132	7		1					H	2005-08-26		3-02	3.22	38.65	M	5	1					
113208	132	8		1					H	2005-12-08		3-06	3.51	42.06	M	5	1					
113209	132	9		1					H	2006-04-04		3-09	3.83	45.94	M	5	1					
113210	132	10		1					H	2006-08-15		4-02	4.19	50.29	M	5	1					
113211	132	11		1					H	2006-12-27		4-06	4.56	54.68	M	5	1					
113212	132	12		1					H	2007-04-20		4-10	4.87	58.45	M	5	1					
113301	133	1				1			H													
113302	133	2				1			H													
113303	133	3				1			H													
113304	133	4				1			H													
113305	133	5				1			H													
113306	133	6				1			H													
113307	133	7		1					H	2003-12-09		3-02	3.22	38.71	M	6	1					
113308	133	8		1					H	2004-03-16		3-05	3.49	41.94								
113309	133	9		1					H	2004-08-09		3-10	3.89	46.71								
113310	133	10		1					H	2004-12-02		4-02	4.2	50.48								
113311	133	11		1					H	2005-04-14		4-06	4.57	54.87								
113312	133	12				1			H													
113401	134	1				1			H													
113402	134	2				1			H													
113403	134	3				1			H													
113404	134	4		1					H	2004-01-15		2-01	2.12	25.35	M	3	1					
113405	134	5		1					H	2004-06-04		2-06	2.5	30.0	M	4	1					
113406	134	6		1					H	2004-10-06		2-10	2.84	34.06	M	4	1					
113407	134	7		1					H	2005-02-04		3-02	3.17	38.0	M	4	1					
113408	134	8		1					H	2005-06-03		3-05	3.5	41.97	M	4	1					
113409	134	9		1					H	2005-09-28		3-09	3.82	45.77	M	4	1					
113410	134	10		1					H	2006-02-09		4-02	4.19	50.16	M	4	1					
113411	134	11		1					H	2006-06-06		4-06	4.51	54.06	M	4	1					
113412	134	12		1					H	2006-10-04		4-10	4.83	58.0	M	4	1					
113501	135	1				1			H													
113502	135	2				1			H													
113503	135	3				1			H													
113504	135	4		1					H	2004-03-13		2-02	2.22	26.61	M	5	1					
113505	135	5		1					H	2004-06-30		2-06	2.52	30.16	M	6	1					
113506	135	6		1					H	2004-11-05		2-10	2.87	34.35	M	6	1					
113507	135	7		1					H	2005-03-04		3-02	3.19	38.32	M	6	1					
113508	135	8		1					H	2005-06-24		3-05	3.5	41.97	M	6	1					
113509	135	9		1					H	2005-11-05		3-10	3.86	46.35	M	6	1					
113510	135	10		1					H	2006-02-25		4-02	4.17	50.0	M	6	1					
113511	135	11		1					H	2006-07-01		4-06	4.52	54.23	M	6	1					
113512	135	12		1					H	2006-11-11		4-10	4.88	58.55	M	6	1					
113601	136	1				1			H													
113602	136	2				1			H													
113603	136	3				1			H													
113604	136	4				1			H													
113605	136	5				1			H													
113606	136	6				1			H													
113607	136	7				1			H													
113608	136	8				1			H													
113609	136	9				1			H													
113610	136	10				1			H													
113611	136	11				1			H													
113612	136	12		1					H	2004-04-13		4-09	4.79	57.48		6						
113701	137	1				1			H													
113702	137	2				1			H													
113703	137	3				1			H													
113704	137	4				1			H													
113705	137	5		1					H	2004-06-05		2-06	2.54	30.48	B	6	1		1			
113706	137	6		1					H	2004-10-02		2-10	2.87	34.39	B	6	1		1			
113707	137	7		1					H	2005-02-26		3-03	3.27	39.16	B	6	1		1			
113708	137	8		1					H	2005-06-05		3-06	3.54	42.48	B	6	1		1			
113709	137	9		1					H	2005-10-01		3-10	3.86	46.35	B	6	1		1			
113710	137	10		1					H	2006-02-19		4-02	4.25	50.94	B	6	1		1			
113711	137	11		1					H	2006-06-25		4-07	4.59	55.13	B	6	1		1			
113712	137	12		1					H	2006-10-28		4-11	4.93	59.23	B	6	1		1			
113901	139	1				1			H													
113902	139	2				1			H													
113903	139	3				1			H													
113904	139	4				1			H													
113905	139	5				1			H													
113906	139	6				1			H													
113907	139	7		1					H	2004-07-13		3-03	3.28	39.29	M	6	1					
113908	139	8		1					H	2004-10-07		3-06	3.51	42.1	M	6	1					
113909	139	9		1					H	2005-02-18		3-10	3.88	46.45	M	6	1					
113910	139	10		1					H	2005-06-14		4-02	4.19	50.32	M	6	1					
113911	139	11		1					H	2005-10-10		4-06	4.52	54.19	M	6	1					
113912	139	12		1					H	2006-02-07		4-10	4.85	58.1	M	6	1					
114001	140	1		1					H	2004-04-29		1-02	1.21	14.52	M	5	1					
114002	140	2		1					H	2004-08-13		1-06	1.5	18.0	M	5	1					
114003	140	3		1					H	2004-12-13		1-10	1.83	22.0	M	6	1					
114004	140	4		1					H	2005-04-11		2-01	2.16	25.94	M	6	1					
114005	140	5		1					H	2005-08-22		2-06	2.52	30.29	M	6	1					
114006	140	6		1					H	2005-12-15		2-10	2.83	34.06	M	6	1					
114007	140	7		1					H	2006-05-16		3-03	3.25	39.1	M	6	1					
114008	140	8		1					H	2006-08-21		3-06	3.52	42.26	M	6	1					
114009	140	9		1					H	2007-01-05		3-10	3.89	46.74	M	6	1					
114010	140	10		1					H	2007-04-06		4-01	4.14	49.77	M	6	1					
114011	140	11		1					H	2007-08-13		4-06	4.49	54.0	M	6	1					
114012	140	12		1					H	2007-12-31		4-10	4.88	58.58	M	6	1					
114101	141	1				1			H													
114102	141	2				1			H													
114103	141	3		1					H	2004-06-03		1-10	1.89	22.61	M	5	1					
114104	141	4		1					H	2004-09-15		2-02	2.17	26.0	M	4	1					
114105	141	5		1					H	2005-01-17		2-06	2.51	30.06	M	4	1					
114106	141	6		1					H	2005-05-24		2-10	2.86	34.29	M	4	1					
114107	141	7				1			H													
114108	141	8		1					H	2006-02-03		3-06	3.56	42.61	M	4	1					
114109	141	9		1					H	2006-06-07		3-10	3.9	46.74	M	5	1					
114110	141	10		1					H	2006-10-05		4-02	4.22	50.68	M	5	1					
114111	141	11				1			H													
114112	141	12		1					H	2007-06-19		4-11	4.93	59.13	M	5	1					
114201	142	1		1					H	2004-07-06		1-02	1.2	14.45	M		1					
114202	142	2		1					H	2004-11-08		1-06	1.55	18.52	M		1					
114203	142	3		1					H	2005-03-23		1-11	1.92	23.0	M		1					
114204	142	4		1					H	2005-07-13		2-02	2.22	26.68	M	5	1					
114205	142	5		1					H	2005-10-21		2-05	2.49	29.94	M	5	1					
114206	142	6		1					H	2006-02-24		2-10	2.84	34.03	M	5	1					
114207	142	7		1					H	2006-06-16		3-01	3.15	37.77	M	5	1					
114208	142	8		1					H	2006-10-23		3-06	3.5	42.0	M	5	1					
114209	142	9		1					H	2007-02-28		3-10	3.85	46.16	M	5	1					
114210	142	10		1					H	2007-06-27		4-02	4.18	50.13	M	5	1					
114211	142	11		1					H	2007-10-27		4-06	4.51	54.13	M	5	1					
114212	142	12		1					H	2008-02-09		4-09	4.8	57.55	M	5	1					
114301	143	1		1					H	2004-07-21		1-03	1.27	15.19								
114302	143	2		1					H	2004-11-17		1-07	1.59	19.06	M		1					
114303	143	3		1					H	2005-03-09		1-10	1.9	22.81	M		1					
114304	143	4		1					H	2005-07-05		2-02	2.22	26.68	M		1					
114305	143	5		1					H	2005-11-09		2-06	2.57	30.81	M		1					
114306	143	6		1					H	2006-03-07		2-10	2.89	34.74	M		1					
114307	143	7		1					H	2006-08-02		3-03	3.3	39.58	M		1					
114308	143	8		1					H	2006-11-07		3-06	3.56	42.74	M		1					
114309	143	9		1					H	2007-03-03		3-10	3.88	46.61	M		1					
114310	143	10		1					H	2007-05-30		4-01	4.12	49.48	M		1					
114311	143	11		1					H	2007-10-23		4-06	4.52	54.26	M		1					
114312	143	12				1			H													
114401	144	1		1					H	2004-09-09		1-02	1.21	14.52	M	4	1					
114402	144	2		1					H	2005-01-07		1-06	1.54	18.45	M	4	1					
114403	144	3		1					H	2005-05-13		1-10	1.89	22.65	M	3	1					
114404	144	4		1					H	2005-09-09		2-02	2.21	26.52	M	3	1					
114405	144	5		1					H	2005-12-30		2-06	2.52	30.19	M	3	1					
114406	144	6		1					H	2006-05-11		2-10	2.88	34.58	M	4	1					
114407	144	7		1					H	2006-09-22		3-02	3.25	38.94	M	4	1					
114408	144	8		1					H	2007-01-11		3-06	3.55	42.58	M	4	1					
114409	144	9		1					H	2007-05-10		3-10	3.88	46.55	M	4	1					
114410	144	10		1					H	2007-09-16		4-02	4.23	50.74	M	4	1					
114411	144	11		1					H	2008-01-20		4-06	4.58	54.87	M	4	1					
114412	144	12		1					H	2008-05-24		4-11	4.92	59.0	M	4	1					
114501	145	1				1			H													
114502	145	2				1			H													
114503	145	3				1			H													
114504	145	4				1			H													
114505	145	5				1			H													
114506	145	6				1			H													
114507	145	7				1			H													
114508	145	8				1			H													
114509	145	9				1			H													
114510	145	10				1			H													
114511	145	11				1			H													
114512	145	12		1					H	2004-09-18		4-10	4.85	58.13	M	2	1					
114701	147	1		1					H	2004-12-06		1-01	1.14	13.71	M	6	1					
114702	147	2		1					H	2005-04-12		1-05	1.49	17.9	M	6	1					
114703	147	3		1					H	2005-08-11		1-09	1.82	21.87	M	6	1					
114704	147	4		1					H	2006-01-09		2-02	2.24	26.81	M	6	1					
114705	147	5		1					H	2006-04-24		2-06	2.52	30.29	M	6	1					
114706	147	6		1					H	2006-08-21		2-10	2.85	34.19	M	6	1					
114707	147	7		1					H	2007-01-22		3-03	3.27	39.23	M	6	1					
114708	147	8		1					H	2007-04-09		3-05	3.48	41.81	M	6	1					
114709	147	9		1					H	2007-09-05		3-10	3.89	46.68	M	6	1					
114710	147	10		1					H	2008-01-24		4-03	4.28	51.29	M	6	1					
114711	147	11		1					H	2008-05-20		4-07	4.6	55.16	M	6	1					
114712	147	12		1					H	2008-09-03		4-10	4.89	58.61	M	6	1					
114801	148	1		1					H	2004-10-15		1-02	1.22	14.58	M	6	1					
114802	148	2		1					H	2005-01-07		1-05	1.45	17.32	M	6	1					
114803	148	3		1					H	2005-05-13		1-09	1.79	21.52	M	6	1					
114804	148	4		1					H	2005-09-09		2-01	2.12	25.39	M	6	1					
114805	148	5		1					H	2006-02-10		2-06	2.54	30.42	M	6	1					
114806	148	6		1					H	2006-06-12		2-10	2.87	34.48	M	6	1					
114807	148	7		1					H	2006-09-21		3-01	3.15	37.77	M	6	1					
114808	148	8		1					H	2007-01-11		3-05	3.46	41.45	M	6	1					
114809	148	9		1					H	2007-05-10		3-09	3.78	45.42	M	6	1					
114810	148	10		1					H	2007-09-15		4-01	4.13	49.58	M	6	1					
114811	148	11		1					H	2008-01-19		4-05	4.48	53.71	M	6	1					
114812	148	12		1					H	2008-05-25		4-09	4.83	57.9	M	6	1					
114901	149	1		1					H	2005-03-19		1-02	1.19	14.39	M	3	1					
114902	149	2		1					H	2005-06-30		1-05	1.48	17.74	M	3	1					
114903	149	3		1					H	2005-11-17		1-10	1.86	22.32	M	3	1					
114904	149	4		1					H	2006-03-18		2-02	2.19	26.35	M	3	1					
114905	149	5		1					H	2006-07-13		2-06	2.51	30.19	M	3	1					
114906	149	6		1					H	2006-11-26		2-10	2.88	34.61	M	3	1					
114907	149	7		1					H	2007-03-09		3-02	3.17	38.06	M	3	1					
114908	149	8		1					H	2007-07-15		3-06	3.52	42.26	M	3	1					
114909	149	9		1					H	2007-10-28		3-09	3.8	45.68	M	3	1					
114910	149	10		1					H	2008-03-30		4-02	4.23	50.74	M	3	1					
114911	149	11		1					H	2008-07-11		4-06	4.51	54.13	M	3	1					
114912	149	12		1					H	2008-11-14		4-10	4.85	58.23	M	4	1					
115001	150	1				1			H													
115002	150	2				1			H													
115003	150	3				1			H													
115004	150	4				1			H													
115005	150	5		1					H	2005-05-07		2-06	2.54	30.52	B		1		1			
115006	150	6		1					H	2005-08-13		2-09	2.81	33.71								
115007	150	7		1					H	2005-12-17		3-01	3.15	37.84								
115008	150	8		1					H	2006-04-22		3-06	3.5	42.0								
115009	150	9		1					H	2006-09-03		3-10	3.87	46.39								
115010	150	10		1					H	2006-12-30		4-02	4.19	50.26								
115011	150	11		1					H	2007-04-21		4-05	4.5	53.97								
115012	150	12		1					H	2007-08-26		4-10	4.84	58.13								
115101	151	1				1			H													
115102	151	2				1			H													
115103	151	3		1					H	2005-05-27		1-10	1.88	22.52	M	6	1					
115104	151	4		1					H	2005-09-14		2-02	2.18	26.1	M	6	1					
115105	151	5		1					H	2005-12-29		2-05	2.47	29.58	M	6	1					
115106	151	6		1					H	2006-05-18		2-10	2.85	34.23	M	6	1					
115107	151	7		1					H	2006-09-21		3-02	3.2	38.32	M	6	1					
115108	151	8		1					H	2007-01-24		3-06	3.54	42.42	M	6	1					
115109	151	9		1					H	2007-05-23		3-10	3.87	46.39	M	6	1					
115110	151	10		1					H	2007-09-17		4-02	4.19	50.19	M	6	1					
115111	151	11				1			H													
115112	151	12		1					H	2008-05-08		4-09	4.83	57.9	M	6	1					
115201	152	1		1					H	2005-07-14		1-03	1.27	15.29	M	6	1					
115202	152	2		1					H	2005-10-04		1-05	1.49	17.97	M	6	1					
115203	152	3		1					H	2006-02-04		1-09	1.83	21.97	M	6	1					
115204	152	4		1					H	2006-06-07		2-02	2.17	26.06	M	6	1					
115205	152	5		1					H	2006-10-03		2-05	2.49	29.94	M	6	1					
115206	152	6		1					H	2007-01-31		2-09	2.82	33.84	M	6	1					
115207	152	7		1					H	2007-06-12		3-02	3.18	38.23	M	6	1					
115208	152	8		1					H	2007-10-15		3-06	3.52	42.32	M	6	1					
115209	152	9		1					H	2008-02-10		3-10	3.85	46.16	M	6	1					
115210	152	10		1					H	2008-06-23		4-02	4.22	50.58	M	6	1					
115211	152	11		1					H	2008-10-14		4-06	4.52	54.29	M	6	1					
115212	152	12		1					H	2009-02-12		4-10	4.86	58.23	M	6	1					
115301	153	1		1					H	2005-07-14		1-02	1.18	14.23	M	5	1					
115302	153	2		1					H	2005-11-16		1-06	1.52	18.29	M	5	1					
115303	153	3		1					H	2006-03-30		1-10	1.89	22.74	M	5	1					
115304	153	4				1			H													
115305	153	5		1					H	2006-11-21		2-06	2.54	30.45	M	5	1					
115306	153	6		1					H	2007-05-15		3-00	3.02	36.26	M	5	1					
115307	153	7		1					H	2007-08-10		3-03	3.26	39.1	M	5	1					
115308	153	8		1					H	2007-11-02		3-05	3.49	41.84	M	6	1					
115309	153	9		1					H	2008-04-04		3-10	3.91	46.9	M	6	1					
115310	153	10		1					H	2008-07-29		4-02	4.23	50.71	M	6	1					
115311	153	11				1			H													
115312	153	12				1			H													
115601	156	1				1			H													
115602	156	2				1			H													
115603	156	3		1					H	2005-11-19		1-09	1.83	21.97	M	6	1					
115604	156	4		1					H	2006-03-25		2-02	2.17	26.16	M	6	1					
115605	156	5		1					H	2006-07-29		2-06	2.52	30.29	M	6	1					
115606	156	6		1					H	2006-11-18		2-09	2.83	33.94	M	6	1					
115607	156	7		1					H	2007-03-24		3-02	3.17	38.13	M	6	1					
115608	156	8		1					H	2007-07-27		3-06	3.51	42.23	M	6	1					
115609	156	9		1					H	2007-11-09		3-09	3.8	45.65	M	6	1					
115610	156	10		1					H	2008-03-14		4-01	4.15	49.81	M	6	1					
115611	156	11		1					H	2008-08-01		4-06	4.53	54.39	M	6	1					
115612	156	12		1					H	2008-12-05		4-010	4.87	58.52	M	6	1					
115701	157	1				1			H													
115702	157	2		1					H	2005-10-26		1-06	1.52	18.23	B	6	1		1			
115703	157	3		1					H	2006-03-10		1-10	1.89	22.71	B	6	1		1			
115704	157	4		1					H	2006-06-28		2-02	2.19	26.29	B	6	1		1			
115705	157	5		1					H	2006-10-31		2-06	2.53	30.39	B	6	1		1			
115706	157	6		1					H	2007-02-16		2-09	2.83	33.9	B	6	1		1			
115707	157	7		1					H	2007-08-17		3-03	3.33	39.94	B	6	1		1			
115708	157	8		1					H	2007-10-19		3-06	3.5	42.0	B	6	1		1			
115709	157	9		1					H	2008-03-28		3-11	3.94	47.29	B	6	1		1			
115710	157	10		1					H	2008-06-25		4-02	4.18	50.19	B	6	1		1			
115711	157	11		1					H	2008-11-10		4-06	4.56	54.71	B	6	1		1			
115712	157	12		1					H	2009-02-16		4-09	4.83	57.9	B	6	1		1			
115801	158	1				1			H													
115802	158	2		1					H	2005-11-04		1-07	1.63	19.52	M		1					
115803	158	3		1					H	2006-01-20		1-10	1.84	22.03	M		1					
115804	158	4		1					H	2006-05-26		2-02	2.18	26.23	M		1					
115805	158	5		1					H	2006-09-26		2-06	2.52	30.23	M		1					
115806	158	6				1			H													
115807	158	7		1					H	2007-05-22		3-02	3.17	38.1	M		1					
115808	158	8		1					H	2007-09-18		3-05	3.5	41.97	M		1					
115809	158	9		1					H	2008-01-25		3-10	3.85	46.19	M	1	1					
115810	158	10		1					H	2008-05-15		4-01	4.16	49.87	M		1					
115811	158	11		1					H	2008-09-16		4-05	4.49	53.9	M		1					
115812	158	12		1					H	2009-01-20		4-10	4.84	58.03	M		1					
115901	159	1		1					H	2005-12-01		1-02	1.17	14.06	B	6	1		1			
115902	159	2		1					H	2006-04-10		1-06	1.52	18.35	B	6	1		1			
115903	159	3		1					H	2006-08-03		1-10	1.84	22.13	B	6	1		1			
115904	159	4		1					H	2006-12-07		2-02	2.18	26.26	B	6	1		1			
115905	159	5		1					H	2007-05-21		2-07	2.64	31.71	B	6	1		1			
115906	159	6		1					H	2007-09-26		2-11	2.99	35.87	B	6	1		1			
115907	159	7		1					H	2007-12-05		3-02	3.18	38.19	B	6	1		1			
115908	159	8		1					H	2008-04-16		3-06	3.54	42.55	B	6	1		1			
115909	159	9		1					H	2008-08-08		3-10	3.86	46.29	B	6	1		1			
115910	159	10		1					H	2008-12-08		4-02	4.19	50.29	B	6	1		1			
115911	159	11		1					H	2009-04-13		4-06	4.53	54.45	B	6	1		1			
115912	159	12		1					H	2009-08-05		4-10	4.84	58.19	B	6	1		1			
116001	160	1				1			H													
116002	160	2				1			H													
116003	160	3		1					H	2005-11-19		2-00	2.04	24.42	B	5	1		1			
116004	160	4		1					H	2006-02-18		2-03	2.29	27.39	B	5	1		1			
116005	160	5		1					H	2006-05-20		2-06	2.54	30.45	B	5	1		1			
116006	160	6		1					H	2006-09-15		2-10	2.86	34.29	M	4	1					
116007	160	7		1					H	2007-01-26		3-02	3.22	38.65	B	5	1		1			
116008	160	8		1					H	2007-05-19		3-06	3.53	42.42	B	5	1		1			
116009	160	9		1					H	2007-09-08		3-10	3.84	46.06	B	5	1		1			
116010	160	10		1					H	2008-01-26		4-02	4.22	50.65	B	5	1		1			
116011	160	11		1					H	2008-07-11		4-08	4.68	56.16	B	5	1		1			
116012	160	12		1					H	2008-09-23		4-10	4.88	58.55	B	4	1		1			
116201	162	1		1					H	2006-02-07		1-02	1.2	14.45	M	4	1					
116202	162	2		1					H	2006-06-22		1-06	1.57	18.94	M	4	1					
116203	162	3				1			H													
116204	162	4		1					H	2007-02-21		2-02	2.24	26.9	M	4	1					
116205	162	5		1					H	2007-08-22		2-08	2.74	32.94	M	4	1					
116206	162	6		1					H	2007-10-28		2-11	2.92	35.13	M	4	1					
116207	162	7		1					H	2008-02-10		3-02	3.21	38.55	M	4	1					
116208	162	8		1					H	2008-07-09		3-07	3.62	43.52	M	4	1					
116209	162	9				1			H													
116210	162	10		1					H	2009-02-11		4-02	4.22	50.58	M	4	1					
116211	162	11		1					H	2009-06-19		4-06	4.57	54.84	M	4	1					
116212	162	12		1					H	2009-10-02		4-10	4.85	58.29	M	4	1					
116301	163	1				1			H													
116302	163	2		1					H	2006-08-09		1-05	1.47	17.74	B	6	1		1			
116303	163	3		1					H	2006-12-19		1-10	1.83	22.06	B	6	1		1			
116304	163	4		1					H	2007-04-17		2-02	2.16	26.0	B	6	1		1			
116305	163	5		1					H	2007-08-21		2-06	2.51	30.13	B	6	1		1			
116306	163	6		1					H	2007-12-04		2-09	2.79	33.58	B	6	1		1			
116307	163	7		1					H	2008-04-16		3-01	3.16	37.97	B	6	1		1			
116308	163	8		1					H	2008-08-12		3-05	3.48	41.84	B	6	1		1			
116309	163	9		1					H	2008-12-29		3-10	3.86	46.39	B	6	1		1			
116310	163	10		1					H	2009-04-16		4-01	4.16	49.97	B	6	1		1			
116311	163	11		1					H	2009-08-24		4-06	4.51	54.23	B	6	1		1			
116312	163	12		1					H	2009-12-30		4-10	4.86	58.42	B	6	1		1			
116401	164	1		1					H	2006-09-16		1-02	1.2	14.35	M	6	1					
116402	164	2		1					H	2007-01-13		1-06	1.53	18.26	M	6	1					
116403	164	3		1					H	2007-05-19		1-10	1.87	22.45	M	6	1					
116404	164	4		1					H	2007-10-06		2-03	2.25	27.03	M	6	1					
116405	164	5		1					H	2008-01-12		2-06	2.52	30.23	M	6	1					
116406	164	6		1					H	2008-05-10		2-10	2.85	34.16	M	6	1					
116407	164	7		1					H	2008-09-20		3-02	3.21	38.48	M	6	1					
116408	164	8		1					H	2009-01-17		3-06	3.54	42.39	M	6	1					
116409	164	9		1					H	2009-05-09		3-10	3.84	46.13	M	6	1					
116410	164	10		1					H	2009-09-12		4-02	4.19	50.23	M	3	1					
116411	164	11		1					H	2010-01-16		4-06	4.54	54.35	M	3	1					
116412	164	12		1					H	2010-05-08		4-10	4.84	58.1	M	4	1					
116601	166	1		1					H	2007-06-19		1-02	1.17	14.03	M	5	1					
116602	166	2		1					H	2007-10-18		1-06	1.5	18.0	M	5	1					
116603	166	3		1					H	2008-02-20		1-10	1.84	22.06	M	5	1					
116604	166	4		1					H	2008-06-27		2-02	2.19	26.29	M	5	1					
116605	166	5		1					H	2008-10-24		2-06	2.52	30.19	M	4	1					
116606	166	6		1					H	2009-03-02		2-10	2.87	34.48	M	4	1					
116607	166	7		1					H	2009-06-05		3-01	3.13	37.58	M	4	1					
116608	166	8		1					H	2009-11-06		3-06	3.55	42.61	M	5	1					
116609	166	9		1					H	2010-02-19		3-10	3.84	46.03	M	5	1					
116610	166	10		1					H	2010-07-02		4-02	4.2	50.48	M	5	1					
116611	166	11		1					H	2010-11-11		4-06	4.57	54.77	M	5	1					
116612	166	12		1					H	2011-02-28		4-10	4.87	58.32								
116701	167	1				1			H													
116702	167	2				1			H													
116703	167	3				1			H													
116704	167	4		1					H	2007-04-09		2-01	2.12	25.55	M	4	1					
116705	167	5		1					H	2007-08-28		2-06	2.51	30.16	M	4	1					
116706	167	6		1					H	2007-12-03		2-09	2.77	33.35	M	4	1					
116707	167	7				1			H						M	4	1					
116708	167	8		1					H	2008-08-22		3-05	3.49	41.97	M	4	1					
116709	167	9				1			H													
116710	167	10		1					H	2009-04-22		4-01	4.16	49.97	M	4	1					
116711	167	11		1					H	2009-09-16		4-06	4.56	54.77	M	4	1					
116712	167	12		1					H	2010-01-08		4-10	4.87	58.52	M	4	1					
116801	168	1				1			H													
116802	168	2		1					H	2007-11-05		1-06	1.5	18.0	M		1					
116803	168	3		1					H	2008-03-03		1-09	1.83	21.94								
116804	168	4		1					H	2008-07-14		2-02	2.19	26.29								
116805	168	5		1					H	2008-11-10		2-06	2.52	30.16								
116806	168	6		1					H	2009-03-23		2-10	2.88	34.58	M	4	1					
116807	168	7				1			H													
116808	168	8		1					H	2009-11-20		3-06	3.54	42.48	M	4	1					
116809	168	9		1					H	2010-03-19		3-10	3.87	46.45	M	4	1					
116810	168	10		1					H	2010-07-16		4-02	4.2	50.35	M	4	1					
116811	168	11		1					H	2010-12-03		4-06	4.58	54.94	M	4	1					
116812	168	12			1				H													
117001	170	1				1			H													
117002	170	2		1					H	2008-09-27		1-05	1.44	17.26	M	5	1					
117003	170	3		1					H	2009-03-08		1-10	1.89	22.65	M	5	1					
117004	170	4		1					H	2009-07-12		2-02	2.23	26.77	M	5	1					
117005	170	5		1					H	2009-11-02		2-06	2.54	30.45	M	5	1					
117006	170	6		1					H	2010-03-01		2-10	2.87	34.42	M	5	1					
117007	170	7		1					H	2010-07-11		3-02	3.23	38.74	M	5	1					
117008	170	8		1					H	2010-10-29		3-06	3.53	42.32	M	5	1					
117009	170	9			1				H													
117101	171	1		1					H	2009-03-13		1-02	1.22	14.71	M	4	1					
117102	171	2		1					H	2009-07-09		1-06	1.55	18.58	M	4	1					
117103	171	3		1					H	2009-11-06		1-10	1.87	22.48	M	4	1					
117104	171	4		1					H	2010-03-08		2-02	2.21	26.55	M	4	1					
117105	171	5		1					H	2010-07-22		2-07	2.58	31.0	M	4	1					
117106	171	6			1				H													
117201	172	1				1			H													
117202	172	2				1			H													
117203	172	3		1					H	2009-05-21		1-10	1.84	22.13	M	6	1					
117204	172	4		1					H	2009-09-15		2-01	2.16	25.94	M	5	1					
117205	172	5		1					H	2010-01-20		2-06	2.51	30.1	M	6	1					
117206	172	6		1					H	2010-05-25		2-10	2.86	34.26	M	6	1					
117207	172	7		1					H	2010-09-15		3-01	3.16	37.94	M	5	1					
117208	172	8		1					H	2011-02-09		3-06	3.57	42.74								
